날짜,종가,오픈,고가,저가,변동 %
2019년 12월 30일,1.5331,1.5511,1.5797,1.5348,-0.92%
2019년 12월 27일,1.5473,1.558,1.5625,1.547,-0.51%
2019년 12월 26일,1.5552,1.5446,1.5606,1.5431,0.79%
2019년 12월 25일,1.543,1.5529,1.5536,1.5445,-0.50%
2019년 12월 24일,1.5507,1.5461,1.5549,1.5413,0.47%
2019년 12월 23일,1.5435,1.5316,1.5494,1.5311,0.90%
2019년 12월 20일,1.5297,1.5425,1.5539,1.5309,-0.66%
2019년 12월 19일,1.5399,1.552,1.5551,1.5412,-0.67%
2019년 12월 18일,1.5503,1.5396,1.5554,1.5374,0.82%
2019년 12월 17일,1.5377,1.5345,1.5438,1.528,0.37%
2019년 12월 16일,1.5321,1.5387,1.5405,1.527,-0.27%
2019년 12월 13일,1.5363,1.5265,1.5485,1.5205,0.76%
2019년 12월 12일,1.5247,1.5437,1.553,1.5227,-0.98%
2019년 12월 11일,1.5398,1.526,1.5543,1.5246,1.07%
2019년 12월 10일,1.5235,1.5389,1.544,1.5255,-0.94%
2019년 12월 09일,1.5379,1.5269,1.5527,1.5267,0.87%
2019년 12월 06일,1.5247,1.5203,1.5347,1.5155,0.53%
2019년 12월 05일,1.5166,1.5123,1.5256,1.5079,0.40%
2019년 12월 04일,1.5106,1.4818,1.5139,1.48,2.16%
2019년 12월 03일,1.4787,1.4754,1.4926,1.4729,0.35%
2019년 12월 02일,1.4736,1.4681,1.487,1.4633,0.64%
2019년 11월 29일,1.4642,1.4221,1.4812,1.4206,3.16%
2019년 11월 28일,1.4193,1.4389,1.4438,1.4056,-1.13%
2019년 11월 27일,1.4355,1.4703,1.4786,1.4343,-2.21%
2019년 11월 26일,1.4679,1.4822,1.4917,1.4649,-0.79%
2019년 11월 25일,1.4796,1.4762,1.4941,1.4677,0.48%
2019년 11월 22일,1.4725,1.4788,1.4875,1.4693,-0.31%
2019년 11월 21일,1.4771,1.48,1.4911,1.4691,0.01%
2019년 11월 20일,1.4769,1.4836,1.4879,1.4582,-0.24%
2019년 11월 19일,1.4805,1.5032,1.511,1.4796,-1.30%
2019년 11월 18일,1.5,1.5049,1.5503,1.4959,-0.02%
2019년 11월 15일,1.5003,1.4551,1.5033,1.4491,3.36%
2019년 11월 14일,1.4515,1.4743,1.4832,1.4495,-1.39%
2019년 11월 13일,1.472,1.4949,1.5003,1.4631,-1.39%
2019년 11월 12일,1.4927,1.5354,1.5363,1.4531,-2.63%
2019년 11월 11일,1.533,1.5492,1.5605,1.5333,-0.94%
2019년 11월 08일,1.5475,1.557,1.5612,1.547,-0.44%
2019년 11월 07일,1.5543,1.5692,1.5717,1.5512,-0.75%
2019년 11월 06일,1.566,1.5466,1.5705,1.5446,1.41%
2019년 11월 05일,1.5443,1.5684,1.5689,1.5433,-1.44%
2019년 11월 04일,1.5668,1.5725,1.5845,1.5632,-0.33%
2019년 11월 01일,1.572,1.5781,1.5797,1.554,-0.17%
2019년 10월 31일,1.5746,1.5761,1.5831,1.5677,0.12%
2019년 10월 30일,1.5727,1.6053,1.6071,1.5743,-1.99%
2019년 10월 29일,1.6047,1.615,1.6171,1.6001,-0.50%
2019년 10월 28일,1.6127,1.6114,1.6207,1.6051,0.16%
2019년 10월 25일,1.6102,1.6216,1.625,1.6078,-0.56%
2019년 10월 24일,1.6193,1.6114,1.6279,1.6068,0.72%
2019년 10월 23일,1.6078,1.6192,1.6244,1.6076,-0.52%
2019년 10월 22일,1.6162,1.6135,1.6242,1.6091,0.32%
2019년 10월 21일,1.6111,1.6593,1.6618,1.6101,-2.73%
2019년 10월 18일,1.6563,1.6561,1.6665,1.6546,0.13%
2019년 10월 17일,1.6542,1.6552,1.6581,1.6395,0.10%
2019년 10월 16일,1.6526,1.6553,1.6655,1.6482,-0.04%
2019년 10월 15일,1.6532,1.6607,1.6666,1.6529,-0.23%
2019년 10월 14일,1.657,1.6658,1.6714,1.6583,-0.31%
2019년 10월 11일,1.6621,1.6557,1.6665,1.6442,0.54%
2019년 10월 10일,1.6531,1.656,1.6605,1.6445,-0.02%
2019년 10월 09일,1.6535,1.654,1.6584,1.6484,0.08%
2019년 10월 08일,1.6521,1.6657,1.6688,1.6509,-0.69%
2019년 10월 07일,1.6635,1.6675,1.6764,1.6617,-0.06%
2019년 10월 04일,1.6645,1.6772,1.679,1.6647,-0.61%
2019년 10월 03일,1.6747,1.6637,1.6788,1.658,0.79%
2019년 10월 02일,1.6616,1.6503,1.6655,1.6469,0.81%
2019년 10월 01일,1.6482,1.6454,1.6535,1.6413,0.32%
2019년 09월 30일,1.643,1.6563,1.6575,1.6437,-0.66%
2019년 09월 27일,1.6539,1.6521,1.6573,1.6467,0.30%
2019년 09월 26일,1.6489,1.6501,1.6597,1.6469,0.02%
2019년 09월 25일,1.6485,1.653,1.66,1.6458,-0.16%
2019년 09월 24일,1.6512,1.6563,1.6608,1.6509,-0.13%
2019년 09월 23일,1.6533,1.6643,1.6729,1.6514,-0.55%
2019년 09월 20일,1.6625,1.6693,1.67,1.6533,-0.30%
2019년 09월 19일,1.6675,1.6646,1.6724,1.6613,0.38%
2019년 09월 18일,1.6612,1.6609,1.6695,1.6595,0.13%
2019년 09월 17일,1.6591,1.6698,1.6786,1.6543,-0.51%
2019년 09월 16일,1.6676,1.6674,1.6762,1.6614,0.17%
2019년 09월 13일,1.6648,1.668,1.6715,1.6579,-0.04%
2019년 09월 12일,1.6655,1.6628,1.6689,1.6493,0.31%
2019년 09월 11일,1.6604,1.6731,1.6796,1.6599,-0.68%
2019년 09월 10일,1.6717,1.6686,1.6762,1.6631,0.35%
2019년 09월 09일,1.6659,1.6759,1.6822,1.6618,-0.43%
2019년 09월 06일,1.6731,1.6737,1.6825,1.6628,0.07%
2019년 09월 05일,1.672,1.6654,1.6816,1.6538,0.44%
2019년 09월 04일,1.6647,1.6705,1.6715,1.659,-0.22%
2019년 09월 03일,1.6683,1.6747,1.6789,1.6674,-0.22%
2019년 09월 02일,1.6719,1.6774,1.6837,1.6706,-0.24%
2019년 08월 30일,1.6759,1.6772,1.683,1.6726,0.10%
2019년 08월 29일,1.6742,1.6769,1.6851,1.6722,-0.02%
2019년 08월 28일,1.6745,1.6772,1.6822,1.6703,-0.01%
2019년 08월 27일,1.6746,1.6851,1.69,1.6742,-0.48%
2019년 08월 26일,1.6827,1.6863,1.6961,1.6839,-0.06%
2019년 08월 23일,1.6837,1.6927,1.6995,1.6844,-0.41%
2019년 08월 22일,1.6906,1.6895,1.7038,1.6888,0.22%
2019년 08월 21일,1.6869,1.7007,1.7059,1.6865,-0.67%
2019년 08월 20일,1.6983,1.6994,1.705,1.6883,0.07%
2019년 08월 19일,1.6971,1.7066,1.7125,1.6961,-0.42%
2019년 08월 16일,1.7042,1.7072,1.7098,1.6964,-0.08%
2019년 08월 15일,1.7055,1.711,1.7147,1.7042,-0.11%
2019년 08월 14일,1.7074,1.7145,1.7277,1.706,-0.26%
2019년 08월 13일,1.7118,1.7078,1.7194,1.7038,0.37%
2019년 08월 12일,1.7055,1.7101,1.7186,1.6918,-0.12%
2019년 08월 09일,1.7076,1.7017,1.7115,1.7,0.48%
2019년 08월 08일,1.6994,1.6979,1.7038,1.6902,0.16%
2019년 08월 07일,1.6967,1.698,1.7029,1.6896,0.06%
2019년 08월 06일,1.6956,1.6897,1.6994,1.6766,0.50%
2019년 08월 05일,1.6871,1.6894,1.7089,1.681,-0.04%
2019년 08월 02일,1.6877,1.6928,1.7015,1.6855,-0.15%
2019년 08월 01일,1.6903,1.6889,1.6953,1.6805,0.19%
2019년 07월 31일,1.6871,1.6894,1.6966,1.6835,-0.05%
2019년 07월 30일,1.6879,1.7005,1.7013,1.6837,-0.56%
2019년 07월 29일,1.6974,1.7033,1.7057,1.6946,-0.22%
2019년 07월 26일,1.7011,1.7002,1.7048,1.6909,0.22%
2019년 07월 25일,1.6974,1.7059,1.7146,1.695,-0.36%
2019년 07월 24일,1.7035,1.7063,1.7085,1.6979,-0.02%
2019년 07월 23일,1.7038,1.7077,1.7123,1.7005,-0.09%
2019년 07월 22일,1.7053,1.7086,1.7135,1.7048,-0.06%
2019년 07월 19일,1.7063,1.7184,1.7257,1.7052,-0.57%
2019년 07월 18일,1.716,1.7301,1.736,1.7177,-0.68%
2019년 07월 17일,1.7277,1.7299,1.7371,1.7268,0.00%
2019년 07월 16일,1.7277,1.7376,1.7407,1.7282,-0.40%
2019년 07월 15일,1.7346,1.732,1.7423,1.7313,0.29%
2019년 07월 12일,1.7295,1.7264,1.7369,1.7243,0.37%
2019년 07월 11일,1.7232,1.715,1.7279,1.7054,0.65%
2019년 07월 10일,1.712,1.719,1.7228,1.7119,-0.26%
2019년 07월 09일,1.7165,1.717,1.7226,1.7089,0.10%
2019년 07월 08일,1.7148,1.7178,1.7318,1.7148,-0.08%
2019년 07월 05일,1.7161,1.7207,1.7273,1.715,-0.16%
2019년 07월 04일,1.7189,1.7263,1.7294,1.7186,-0.30%
2019년 07월 03일,1.724,1.716,1.7288,1.7134,0.64%
2019년 07월 02일,1.7131,1.7075,1.7186,1.7053,0.48%
2019년 07월 01일,1.7049,1.7069,1.7255,1.6955,0.02%
2019년 06월 28일,1.7045,1.702,1.7097,1.6972,0.24%
2019년 06월 27일,1.7005,1.6997,1.7062,1.6959,0.20%
2019년 06월 26일,1.6971,1.6957,1.7035,1.6895,0.23%
2019년 06월 25일,1.6932,1.6967,1.7072,1.6939,-0.05%
2019년 06월 24일,1.6941,1.6957,1.7016,1.689,0.05%
2019년 06월 21일,1.6933,1.6954,1.7055,1.6899,0.01%
2019년 06월 20일,1.6931,1.6971,1.7012,1.6759,-0.09%
2019년 06월 19일,1.6947,1.6882,1.7024,1.6863,0.53%
2019년 06월 18일,1.6858,1.6952,1.6992,1.6833,-0.41%
2019년 06월 17일,1.6928,1.6969,1.6999,1.6911,-0.17%
2019년 06월 14일,1.6956,1.6999,1.704,1.6925,-0.15%
2019년 06월 13일,1.6981,1.7018,1.7076,1.6959,-0.15%
2019년 06월 12일,1.7007,1.702,1.7084,1.6989,0.12%
2019년 06월 11일,1.6987,1.6921,1.7049,1.6839,0.54%
2019년 06월 10일,1.6895,1.7059,1.7149,1.6906,-0.83%
2019년 06월 07일,1.7036,1.7018,1.7139,1.6997,0.23%
2019년 06월 06일,1.6997,1.7038,1.7124,1.6954,-0.11%
2019년 06월 05일,1.7016,1.6997,1.7081,1.6933,0.21%
2019년 06월 04일,1.698,1.6768,1.703,1.6745,1.37%
2019년 06월 03일,1.675,1.675,1.6849,1.6606,0.14%
2019년 05월 31일,1.6727,1.6759,1.6866,1.6643,-0.06%
2019년 05월 30일,1.6737,1.6944,1.6955,1.6739,-1.09%
2019년 05월 29일,1.6922,1.6805,1.6954,1.6781,0.83%
2019년 05월 28일,1.6783,1.6955,1.7047,1.6763,-0.91%
2019년 05월 27일,1.6937,1.7092,1.7114,1.6945,-0.75%
2019년 05월 24일,1.7065,1.7083,1.7121,1.7021,0.02%
2019년 05월 23일,1.7061,1.7071,1.7127,1.7012,0.01%
2019년 05월 22일,1.7059,1.7168,1.723,1.7035,-0.53%
2019년 05월 21일,1.715,1.7162,1.7194,1.7109,0.01%
2019년 05월 20일,1.7148,1.7137,1.7183,1.7048,0.20%
2019년 05월 17일,1.7114,1.717,1.7229,1.7083,-0.14%
2019년 05월 16일,1.7138,1.7155,1.7262,1.7143,0.03%
2019년 05월 15일,1.7133,1.7163,1.723,1.7119,-0.05%
2019년 05월 14일,1.7141,1.7146,1.7187,1.7083,0.11%
2019년 05월 13일,1.7123,1.7131,1.7329,1.7105,0.07%
2019년 05월 10일,1.7111,1.7234,1.7283,1.7105,-0.58%
2019년 05월 09일,1.7211,1.7141,1.7308,1.7108,0.50%
2019년 05월 08일,1.7126,1.7124,1.7162,1.7054,0.07%
2019년 05월 07일,1.7114,1.7225,1.7302,1.7114,-0.51%
2019년 05월 06일,1.7202,1.7198,1.7346,1.714,0.13%
2019년 05월 03일,1.718,1.7118,1.7234,1.7115,0.49%
2019년 05월 02일,1.7097,1.7184,1.72,1.7004,-0.32%
2019년 05월 01일,1.7152,1.7178,1.7197,1.7099,-0.01%
2019년 04월 30일,1.7154,1.7102,1.7249,1.707,0.44%
2019년 04월 29일,1.7079,1.7164,1.7228,1.7051,-0.36%
2019년 04월 26일,1.7141,1.7191,1.7244,1.7136,-0.15%
2019년 04월 25일,1.7167,1.718,1.7329,1.7107,0.06%
2019년 04월 24일,1.7157,1.7115,1.727,1.7104,0.40%
2019년 04월 23일,1.7089,1.7173,1.7212,1.7075,-0.34%
2019년 04월 22일,1.7148,1.7164,1.7263,1.7147,0.05%
2019년 04월 19일,1.7139,1.7171,1.7201,1.7145,-0.09%
2019년 04월 18일,1.7154,1.7103,1.7214,1.7093,0.45%
2019년 04월 17일,1.7077,1.719,1.7201,1.7093,-0.52%
2019년 04월 16일,1.7166,1.7174,1.721,1.7078,0.08%
2019년 04월 15일,1.7152,1.7164,1.7189,1.7076,0.08%
2019년 04월 12일,1.7139,1.7201,1.7221,1.7062,-0.22%
2019년 04월 11일,1.7176,1.7181,1.7241,1.7145,0.12%
2019년 04월 10일,1.7156,1.7166,1.7217,1.7114,0.09%
2019년 04월 09일,1.7141,1.7201,1.7247,1.7148,-0.28%
2019년 04월 08일,1.7189,1.71,1.73,1.7076,0.67%
2019년 04월 05일,1.7075,1.7086,1.7164,1.7064,0.05%
2019년 04월 04일,1.7067,1.6997,1.7119,1.6974,0.41%
2019년 04월 03일,1.6998,1.6899,1.7075,1.6831,0.64%
2019년 04월 02일,1.689,1.6944,1.7049,1.687,-0.36%
2019년 04월 01일,1.6951,1.6709,1.6967,1.6626,1.42%
2019년 03월 29일,1.6714,1.6666,1.6808,1.6654,0.31%
2019년 03월 28일,1.6663,1.6716,1.6781,1.6631,-0.32%
2019년 03월 27일,1.6717,1.6687,1.6724,1.6566,0.17%
2019년 03월 26일,1.6688,1.667,1.676,1.6641,0.13%
2019년 03월 25일,1.6667,1.6727,1.6745,1.6637,-0.41%
2019년 03월 22일,1.6735,1.6916,1.7019,1.6707,-1.02%
2019년 03월 21일,1.6908,1.6997,1.7102,1.6863,-0.53%
2019년 03월 20일,1.6998,1.6945,1.7024,1.6909,0.31%
2019년 03월 19일,1.6946,1.7006,1.7051,1.6927,-0.35%
2019년 03월 18일,1.7006,1.6943,1.7027,1.6891,0.32%
2019년 03월 15일,1.6951,1.6918,1.701,1.6859,0.20%
2019년 03월 14일,1.6918,1.69,1.6992,1.687,0.08%
2019년 03월 13일,1.6905,1.6963,1.7067,1.6868,-0.31%
2019년 03월 12일,1.6957,1.6871,1.6977,1.6806,0.49%
2019년 03월 11일,1.6874,1.689,1.7005,1.6864,-0.09%
2019년 03월 08일,1.689,1.6994,1.7042,1.6845,-0.64%
2019년 03월 07일,1.6999,1.7101,1.7154,1.6964,-0.53%
2019년 03월 06일,1.7089,1.7115,1.7226,1.706,-0.15%
2019년 03월 05일,1.7115,1.7062,1.7185,1.7037,0.30%
2019년 03월 04일,1.7063,1.7091,1.7145,1.7001,-0.17%
2019년 03월 01일,1.7092,1.7164,1.7224,1.7067,-0.44%
2019년 02월 28일,1.7167,1.7228,1.7345,1.7106,-0.33%
2019년 02월 27일,1.7223,1.7208,1.7287,1.7168,0.07%
2019년 02월 26일,1.7211,1.7159,1.725,1.7148,0.33%
2019년 02월 25일,1.7155,1.7248,1.7271,1.7147,-0.52%
2019년 02월 22일,1.7244,1.7196,1.7318,1.7173,0.29%
2019년 02월 21일,1.7194,1.7195,1.7269,1.7174,-0.01%
2019년 02월 20일,1.7195,1.7126,1.7209,1.7057,0.40%
2019년 02월 19일,1.7127,1.7044,1.7192,1.7019,0.49%
2019년 02월 18일,1.7044,1.7026,1.7085,1.6966,0.16%
2019년 02월 15일,1.7017,1.6952,1.704,1.6926,0.38%
2019년 02월 14일,1.6952,1.6963,1.7003,1.6894,-0.06%
2019년 02월 13일,1.6962,1.698,1.7034,1.6913,-0.11%
2019년 02월 12일,1.6981,1.7011,1.7062,1.6949,-0.18%
2019년 02월 11일,1.7011,1.7081,1.7119,1.6975,-0.45%
2019년 02월 08일,1.7088,1.7082,1.7165,1.7037,0.05%
2019년 02월 07일,1.708,1.7126,1.724,1.7069,-0.30%
2019년 02월 06일,1.7131,1.7156,1.7218,1.7084,-0.11%
2019년 02월 05일,1.715,1.7159,1.7223,1.7083,-0.06%
2019년 02월 04일,1.7161,1.7107,1.7228,1.7072,0.26%
2019년 02월 01일,1.7116,1.6966,1.7193,1.6954,0.90%
2019년 01월 31일,1.6963,1.6739,1.7052,1.6716,1.36%
2019년 01월 30일,1.6736,1.675,1.6826,1.6691,-0.08%
2019년 01월 29일,1.675,1.668,1.6776,1.6641,0.43%
2019년 01월 28일,1.6679,1.671,1.6767,1.6617,-0.19%
2019년 01월 25일,1.671,1.6793,1.6838,1.6648,-0.49%
2019년 01월 24일,1.6793,1.6757,1.6873,1.6747,0.21%
2019년 01월 23일,1.6757,1.6798,1.6827,1.6722,-0.24%
2019년 01월 22일,1.6798,1.687,1.6876,1.676,-0.46%
2019년 01월 21일,1.6876,1.6783,1.6882,1.675,0.58%
2019년 01월 18일,1.6778,1.6743,1.6824,1.6698,0.21%
2019년 01월 17일,1.6743,1.6754,1.6829,1.6686,-0.07%
2019년 01월 16일,1.6754,1.6616,1.6767,1.6561,0.79%
2019년 01월 15일,1.6623,1.665,1.6717,1.6602,-0.17%
2019년 01월 14일,1.6651,1.6575,1.6704,1.6543,0.49%
2019년 01월 11일,1.657,1.6539,1.6616,1.6473,0.19%
2019년 01월 10일,1.6539,1.6541,1.6614,1.6447,-0.01%
2019년 01월 09일,1.6541,1.6505,1.656,1.6428,0.24%
2019년 01월 08일,1.6502,1.6404,1.6609,1.6389,0.59%
2019년 01월 07일,1.6405,1.6393,1.6546,1.6365,0.06%
2019년 01월 04일,1.6395,1.6229,1.6413,1.6174,1.03%
2019년 01월 03일,1.6228,1.6077,1.6244,1.6063,0.94%
2019년 01월 02일,1.6077,1.6017,1.6152,1.6014,0.26%
2019년 01월 01일,1.6035,1.6056,1.6066,1.6033,-0.13%
2018년 12월 31일,1.6056,1.6106,1.611,1.6011,-0.25%
2018년 12월 28일,1.6096,1.6073,1.6145,1.5993,0.20%
2018년 12월 27일,1.6064,1.6214,1.6214,1.6055,-0.84%
2018년 12월 26일,1.62,1.6279,1.6336,1.6136,-0.66%
2018년 12월 25일,1.6308,1.6304,1.6328,1.6276,0.05%
2018년 12월 24일,1.63,1.6287,1.6325,1.6189,0.12%
2018년 12월 21일,1.628,1.6242,1.6308,1.6179,0.23%
2018년 12월 20일,1.6242,1.6355,1.6393,1.6218,-0.69%
2018년 12월 19일,1.6355,1.6343,1.6394,1.6265,0.09%
2018년 12월 18일,1.6341,1.6412,1.6461,1.6314,-0.43%
2018년 12월 17일,1.6412,1.6558,1.659,1.6396,-0.93%
2018년 12월 14일,1.6566,1.6498,1.6632,1.6473,0.41%
2018년 12월 13일,1.6498,1.6585,1.6639,1.6445,-0.53%
2018년 12월 12일,1.6586,1.6522,1.6669,1.6483,0.39%
2018년 12월 11일,1.6522,1.6636,1.6717,1.6491,-0.67%
2018년 12월 10일,1.6634,1.6671,1.6747,1.6592,-0.22%
2018년 12월 07일,1.6671,1.656,1.6725,1.6528,0.67%
2018년 12월 06일,1.656,1.6563,1.6701,1.65,-0.02%
2018년 12월 05일,1.6563,1.6574,1.6656,1.6514,-0.07%
2018년 12월 04일,1.6574,1.6581,1.6652,1.6497,-0.04%
2018년 12월 03일,1.658,1.6682,1.6771,1.6507,-0.62%
2018년 11월 30일,1.6683,1.6667,1.6764,1.6614,0.10%
2018년 11월 29일,1.6667,1.6644,1.6792,1.6583,0.12%
2018년 11월 28일,1.6647,1.6741,1.6844,1.6618,-0.54%
2018년 11월 27일,1.6738,1.6693,1.6763,1.665,0.27%
2018년 11월 26일,1.6693,1.6791,1.6806,1.6627,-0.64%
2018년 11월 23일,1.6801,1.6995,1.7015,1.6747,-1.09%
2018년 11월 22일,1.6987,1.6926,1.7005,1.6876,0.36%
2018년 11월 21일,1.6926,1.6829,1.6951,1.6795,0.59%
2018년 11월 20일,1.6826,1.6816,1.688,1.6773,0.09%
2018년 11월 19일,1.6811,1.6739,1.6913,1.6737,0.42%
2018년 11월 16일,1.6741,1.6744,1.6831,1.6711,-0.02%
2018년 11월 15일,1.6744,1.6599,1.6751,1.6517,0.89%
2018년 11월 14일,1.6597,1.6371,1.6618,1.6328,1.43%
2018년 11월 13일,1.6363,1.656,1.6593,1.6315,-1.25%
2018년 11월 12일,1.657,1.6521,1.6663,1.6506,0.30%
2018년 11월 09일,1.652,1.655,1.6682,1.6491,-0.18%
2018년 11월 08일,1.655,1.6529,1.661,1.6438,0.13%
2018년 11월 07일,1.6528,1.6485,1.6636,1.6433,0.25%
2018년 11월 06일,1.6487,1.6494,1.6582,1.6437,-0.06%
2018년 11월 05일,1.6497,1.6284,1.6539,1.626,1.19%
2018년 11월 02일,1.6303,1.6358,1.6429,1.6154,-0.17%
2018년 11월 01일,1.6331,1.6392,1.6426,1.6195,-0.47%
2018년 10월 31일,1.6408,1.6434,1.6485,1.628,-0.16%
2018년 10월 30일,1.6434,1.6493,1.6513,1.6367,-0.36%
2018년 10월 29일,1.6493,1.6588,1.6653,1.648,-0.54%
2018년 10월 26일,1.6583,1.6555,1.6666,1.6497,0.21%
2018년 10월 25일,1.6548,1.6508,1.6586,1.645,0.26%
2018년 10월 24일,1.6505,1.665,1.668,1.6493,-0.87%
2018년 10월 23일,1.665,1.6608,1.669,1.6564,0.25%
2018년 10월 22일,1.6608,1.665,1.6744,1.6583,-0.27%
2018년 10월 19일,1.6653,1.6837,1.6871,1.6613,-1.10%
2018년 10월 18일,1.6838,1.6755,1.6937,1.6743,0.52%
2018년 10월 17일,1.6751,1.679,1.6872,1.674,-0.18%
2018년 10월 16일,1.6782,1.6719,1.6854,1.6572,0.27%
2018년 10월 15일,1.6736,1.6659,1.6766,1.6591,0.55%
2018년 10월 12일,1.6645,1.6612,1.6763,1.6529,0.17%
2018년 10월 11일,1.6616,1.6614,1.6705,1.6562,0.02%
2018년 10월 10일,1.6612,1.663,1.6734,1.6572,-0.11%
2018년 10월 09일,1.663,1.6706,1.6762,1.6555,-0.47%
2018년 10월 08일,1.6708,1.6743,1.6853,1.6652,-0.23%
2018년 10월 05일,1.6747,1.6786,1.6922,1.6683,-0.24%
2018년 10월 04일,1.6787,1.6955,1.7049,1.6724,-0.99%
2018년 10월 03일,1.6954,1.6921,1.7065,1.6892,0.27%
2018년 10월 02일,1.6909,1.6894,1.7061,1.6874,0.02%
2018년 10월 01일,1.6906,1.6886,1.7035,1.6859,0.18%
2018년 09월 28일,1.6876,1.6883,1.6917,1.6725,-0.06%
2018년 09월 27일,1.6886,1.6844,1.6933,1.6711,0.36%
2018년 09월 26일,1.6825,1.6751,1.6857,1.6648,0.35%
2018년 09월 25일,1.6766,1.6638,1.678,1.6554,0.77%
2018년 09월 24일,1.6638,1.672,1.6843,1.663,-0.51%
2018년 09월 21일,1.6723,1.676,1.6842,1.6656,-0.16%
2018년 09월 20일,1.6749,1.6454,1.6786,1.6438,1.75%
2018년 09월 19일,1.6461,1.642,1.6512,1.6387,0.26%
2018년 09월 18일,1.6419,1.6415,1.6501,1.6352,0.04%
2018년 09월 17일,1.6413,1.6327,1.6458,1.6323,0.53%
2018년 09월 14일,1.6327,1.6434,1.649,1.6261,-0.57%
2018년 09월 13일,1.6421,1.6242,1.6504,1.6223,1.03%
2018년 09월 12일,1.6254,1.6127,1.6364,1.6123,0.78%
2018년 09월 11일,1.6128,1.6224,1.6344,1.6087,-0.60%
2018년 09월 10일,1.6226,1.6323,1.6366,1.621,-0.66%
2018년 09월 07일,1.6334,1.6355,1.6435,1.6262,-0.01%
2018년 09월 06일,1.6335,1.6307,1.6447,1.6249,0.07%
2018년 09월 05일,1.6324,1.6168,1.6365,1.6109,1.02%
2018년 09월 04일,1.6159,1.6272,1.6375,1.608,-0.72%
2018년 09월 03일,1.6277,1.6377,1.6409,1.6213,-0.56%
2018년 08월 31일,1.6369,1.6408,1.6487,1.6344,-0.23%
2018년 08월 30일,1.6406,1.6636,1.6663,1.6365,-1.35%
2018년 08월 29일,1.6631,1.6723,1.6809,1.6623,-0.52%
2018년 08월 28일,1.6718,1.6817,1.6891,1.6677,-0.64%
2018년 08월 27일,1.6825,1.6883,1.7007,1.6789,-0.24%
2018년 08월 24일,1.6866,1.6781,1.6891,1.6645,0.45%
2018년 08월 23일,1.6791,1.688,1.6966,1.6781,-0.54%
2018년 08월 22일,1.6883,1.6828,1.7011,1.6811,0.39%
2018년 08월 21일,1.6817,1.6716,1.6879,1.6695,0.54%
2018년 08월 20일,1.6726,1.6764,1.691,1.668,-0.26%
2018년 08월 17일,1.6769,1.6836,1.687,1.669,-0.40%
2018년 08월 16일,1.6837,1.6987,1.7041,1.6806,-0.86%
2018년 08월 15일,1.6983,1.6978,1.7117,1.6961,0.01%
2018년 08월 14일,1.6981,1.722,1.7228,1.6963,-1.38%
2018년 08월 13일,1.7218,1.7286,1.7389,1.7163,-0.34%
2018년 08월 10일,1.7276,1.7353,1.7484,1.7219,-0.52%
2018년 08월 09일,1.7367,1.7337,1.7427,1.7288,0.29%
2018년 08월 08일,1.7316,1.737,1.743,1.7285,-0.39%
2018년 08월 07일,1.7383,1.7418,1.7498,1.7311,-0.20%
2018년 08월 06일,1.7417,1.7444,1.7499,1.7355,-0.15%
2018년 08월 03일,1.7444,1.7481,1.7531,1.7375,-0.23%
2018년 08월 02일,1.7484,1.7408,1.7612,1.7407,0.41%
2018년 08월 01일,1.7412,1.7477,1.7634,1.7386,-0.33%
2018년 07월 31일,1.747,1.7516,1.7573,1.7385,-0.19%
2018년 07월 30일,1.7504,1.7328,1.7548,1.7301,0.92%
2018년 07월 27일,1.7345,1.7372,1.7443,1.7222,-0.13%
2018년 07월 26일,1.7367,1.7301,1.7381,1.7242,0.38%
2018년 07월 25일,1.7302,1.721,1.7353,1.7127,0.48%
2018년 07월 24일,1.7219,1.713,1.7295,1.7018,0.53%
2018년 07월 23일,1.7129,1.7086,1.7241,1.7061,0.34%
2018년 07월 20일,1.7071,1.7102,1.7184,1.704,-0.20%
2018년 07월 19일,1.7106,1.7326,1.7489,1.7089,-1.29%
2018년 07월 18일,1.7329,1.7241,1.7358,1.7209,0.54%
2018년 07월 17일,1.7236,1.7366,1.7373,1.7208,-0.70%
2018년 07월 16일,1.7357,1.7369,1.7387,1.7296,-0.10%
2018년 07월 13일,1.7375,1.7331,1.7517,1.7296,0.28%
2018년 07월 12일,1.7326,1.7267,1.7403,1.7204,0.30%
2018년 07월 11일,1.7275,1.7192,1.7364,1.7167,0.51%
2018년 07월 10일,1.7188,1.711,1.7253,1.7053,0.44%
2018년 07월 09일,1.7113,1.6984,1.7127,1.6897,0.78%
2018년 07월 06일,1.698,1.7042,1.7088,1.6929,-0.41%
2018년 07월 05일,1.705,1.7125,1.7214,1.7006,-0.48%
2018년 07월 04일,1.7133,1.7174,1.7234,1.7031,-0.14%
2018년 07월 03일,1.7157,1.7005,1.7213,1.6903,0.86%
2018년 07월 02일,1.701,1.7053,1.7169,1.7004,-0.24%
2018년 06월 29일,1.7051,1.7269,1.7281,1.6977,-1.24%
2018년 06월 28일,1.7265,1.7385,1.7422,1.7244,-0.70%
2018년 06월 27일,1.7387,1.7449,1.7504,1.7309,-0.36%
2018년 06월 26일,1.7449,1.7467,1.757,1.7434,-0.10%
2018년 06월 25일,1.7466,1.7424,1.7537,1.7398,0.25%
2018년 06월 22일,1.7423,1.7348,1.7533,1.7282,0.43%
2018년 06월 21일,1.7349,1.7331,1.7451,1.7263,0.10%
2018년 06월 20일,1.7331,1.7371,1.7397,1.7259,-0.22%
2018년 06월 19일,1.7369,1.7329,1.7548,1.7318,0.23%
2018년 06월 18일,1.733,1.7437,1.7496,1.7299,-0.63%
2018년 06월 15일,1.744,1.7066,1.7484,1.7042,2.19%
2018년 06월 14일,1.7066,1.7121,1.7182,1.7046,-0.29%
2018년 06월 13일,1.7116,1.6964,1.7156,1.6932,0.88%
2018년 06월 12일,1.6967,1.7008,1.7096,1.6945,-0.23%
2018년 06월 11일,1.7006,1.7059,1.7094,1.6975,-0.32%
2018년 06월 08일,1.7061,1.6988,1.7105,1.6969,0.43%
2018년 06월 07일,1.6988,1.6995,1.7087,1.6933,-0.02%
2018년 06월 06일,1.6992,1.691,1.7009,1.6817,0.46%
2018년 06월 05일,1.6914,1.6955,1.6997,1.6865,-0.25%
2018년 06월 04일,1.6956,1.6966,1.7044,1.6915,-0.11%
2018년 06월 01일,1.6974,1.7139,1.715,1.6932,-0.95%
2018년 05월 31일,1.7136,1.7146,1.7204,1.7064,-0.15%
2018년 05월 30일,1.7162,1.7242,1.7275,1.7146,-0.38%
2018년 05월 29일,1.7227,1.7219,1.7317,1.7155,0.05%
2018년 05월 28일,1.7219,1.726,1.726,1.715,-0.24%
2018년 05월 25일,1.7261,1.7257,1.7308,1.7155,0.03%
2018년 05월 24일,1.7256,1.729,1.7437,1.7238,-0.20%
2018년 05월 23일,1.7291,1.7247,1.7366,1.7166,0.26%
2018년 05월 22일,1.7247,1.6908,1.7268,1.6844,1.95%
2018년 05월 21일,1.6917,1.697,1.7075,1.6915,-0.27%
2018년 05월 18일,1.6963,1.711,1.7124,1.6932,-0.86%
2018년 05월 17일,1.711,1.7071,1.7169,1.7053,0.14%
2018년 05월 16일,1.7086,1.7099,1.7159,1.7022,-0.01%
2018년 05월 15일,1.7088,1.7123,1.7222,1.6949,-0.21%
2018년 05월 14일,1.7124,1.7268,1.7316,1.7079,-0.64%
2018년 05월 11일,1.7235,1.7112,1.7327,1.7096,0.78%
2018년 05월 10일,1.7102,1.7019,1.7112,1.6849,0.52%
2018년 05월 09일,1.7014,1.7,1.7111,1.698,0.07%
2018년 05월 08일,1.7002,1.7163,1.7174,1.6885,-0.92%
2018년 05월 07일,1.716,1.7261,1.7368,1.7123,-0.59%
2018년 05월 04일,1.7262,1.7388,1.7436,1.7254,-0.73%
2018년 05월 03일,1.7389,1.749,1.7497,1.7365,-0.58%
2018년 05월 02일,1.749,1.7476,1.7556,1.7388,0.01%
2018년 05월 01일,1.7488,1.7461,1.7521,1.7434,0.21%
2018년 04월 30일,1.7452,1.7618,1.7671,1.7413,-0.93%
2018년 04월 27일,1.7616,1.7867,1.791,1.7555,-1.47%
2018년 04월 26일,1.7879,1.7923,1.7954,1.7855,-0.22%
2018년 04월 25일,1.7919,1.801,1.8118,1.7915,-0.43%
2018년 04월 24일,1.7996,1.7929,1.8008,1.7825,0.37%
2018년 04월 23일,1.793,1.796,1.8121,1.79,-0.22%
2018년 04월 20일,1.797,1.7934,1.8017,1.7913,0.25%
2018년 04월 19일,1.7925,1.7931,1.7978,1.7795,-0.02%
2018년 04월 18일,1.7929,1.7889,1.7948,1.7844,0.22%
2018년 04월 17일,1.7889,1.7958,1.7985,1.7876,-0.40%
2018년 04월 16일,1.796,1.7976,1.8081,1.7942,-0.11%
2018년 04월 13일,1.7979,1.7948,1.8032,1.79,0.18%
2018년 04월 12일,1.7947,1.7849,1.7988,1.7827,0.54%
2018년 04월 11일,1.785,1.7736,1.7881,1.773,0.64%
2018년 04월 10일,1.7736,1.7704,1.776,1.7608,0.18%
2018년 04월 09일,1.7704,1.7707,1.7738,1.7614,-0.01%
2018년 04월 06일,1.7706,1.7596,1.7744,1.7592,0.63%
2018년 04월 05일,1.7596,1.7554,1.7652,1.7539,0.23%
2018년 04월 04일,1.7556,1.7504,1.7695,1.7477,0.40%
2018년 04월 03일,1.7486,1.7466,1.7532,1.7423,0.11%
2018년 04월 02일,1.7466,1.7565,1.7606,1.7437,-0.61%
2018년 03월 30일,1.7573,1.7605,1.7664,1.7567,-0.18%
2018년 03월 29일,1.7604,1.7619,1.7692,1.7529,-0.10%
2018년 03월 28일,1.7622,1.7732,1.7741,1.7574,-0.62%
2018년 03월 27일,1.7732,1.7796,1.7815,1.767,-0.32%
2018년 03월 26일,1.7789,1.7825,1.786,1.7704,-0.15%
2018년 03월 23일,1.7816,1.775,1.786,1.7684,0.36%
2018년 03월 22일,1.7752,1.7631,1.7872,1.7625,0.73%
2018년 03월 21일,1.7624,1.7564,1.7744,1.7543,0.29%
2018년 03월 20일,1.7573,1.762,1.7632,1.7522,-0.25%
2018년 03월 19일,1.7617,1.7591,1.7647,1.7547,0.14%
2018년 03월 16일,1.7593,1.7667,1.7712,1.7551,-0.41%
2018년 03월 15일,1.7665,1.7702,1.7769,1.7595,-0.20%
2018년 03월 14일,1.7701,1.7691,1.7739,1.7604,0.05%
2018년 03월 13일,1.7692,1.7636,1.7715,1.7622,0.31%
2018년 03월 12일,1.7637,1.7694,1.7738,1.7609,-0.30%
2018년 03월 09일,1.769,1.7719,1.7728,1.7615,-0.16%
2018년 03월 08일,1.7718,1.7692,1.7804,1.7672,0.14%
2018년 03월 07일,1.7693,1.7727,1.7846,1.7687,-0.19%
2018년 03월 06일,1.7727,1.8013,1.8061,1.7698,-1.58%
2018년 03월 05일,1.8011,1.8033,1.8098,1.794,-0.12%
2018년 03월 02일,1.8033,1.8174,1.8205,1.8015,-0.77%
2018년 03월 01일,1.8173,1.8241,1.8284,1.814,-0.37%
2018년 02월 28일,1.8241,1.8255,1.8316,1.817,-0.13%
2018년 02월 27일,1.8264,1.8227,1.8294,1.8166,0.26%
2018년 02월 26일,1.8217,1.8229,1.8258,1.8099,-0.12%
2018년 02월 23일,1.8238,1.826,1.8289,1.8153,-0.06%
2018년 02월 22일,1.8249,1.8056,1.8264,1.8052,0.97%
2018년 02월 21일,1.8073,1.806,1.8115,1.8015,0.08%
2018년 02월 20일,1.8058,1.7961,1.8105,1.796,0.58%
2018년 02월 19일,1.7954,1.7979,1.8048,1.7925,-0.16%
2018년 02월 16일,1.7982,1.7917,1.8034,1.788,0.27%
2018년 02월 15일,1.7933,1.8045,1.8086,1.7915,-0.55%
2018년 02월 14일,1.8033,1.8137,1.8169,1.7985,-0.58%
2018년 02월 13일,1.8138,1.8102,1.8254,1.8068,0.19%
2018년 02월 12일,1.8103,1.793,1.8135,1.7885,0.84%
2018년 02월 09일,1.7953,1.8201,1.8216,1.7951,-1.34%
2018년 02월 08일,1.8197,1.8194,1.826,1.8095,0.01%
2018년 02월 07일,1.8195,1.802,1.8265,1.8011,0.96%
2018년 02월 06일,1.8022,1.8179,1.8251,1.8001,-0.79%
2018년 02월 05일,1.8166,1.8082,1.8172,1.7952,0.47%
2018년 02월 02일,1.8081,1.7906,1.8168,1.7894,0.92%
2018년 02월 01일,1.7916,1.7778,1.7992,1.7755,0.84%
2018년 01월 31일,1.7767,1.7683,1.7778,1.7551,0.46%
2018년 01월 30일,1.7686,1.7742,1.7807,1.7646,-0.33%
2018년 01월 29일,1.7744,1.7656,1.7774,1.762,0.46%
2018년 01월 26일,1.7662,1.7775,1.7844,1.7649,-0.64%
2018년 01월 25일,1.7775,1.7673,1.7794,1.7564,0.60%
2018년 01월 24일,1.7669,1.7611,1.7715,1.7468,0.30%
2018년 01월 23일,1.7617,1.7687,1.7805,1.76,-0.32%
2018년 01월 22일,1.7674,1.7549,1.7698,1.753,0.64%
2018년 01월 19일,1.7561,1.7692,1.7709,1.7507,-0.70%
2018년 01월 18일,1.7685,1.7586,1.7711,1.757,0.53%
2018년 01월 17일,1.7591,1.753,1.7719,1.75,0.30%
2018년 01월 16일,1.7538,1.7631,1.7709,1.7531,-0.53%
2018년 01월 15일,1.7631,1.7558,1.7777,1.7487,0.42%
2018년 01월 12일,1.7557,1.7599,1.767,1.752,-0.22%
2018년 01월 11일,1.7595,1.7588,1.7645,1.7475,0.06%
2018년 01월 10일,1.7584,1.7628,1.7655,1.7484,-0.29%
2018년 01월 09일,1.7636,1.7659,1.7692,1.7585,-0.07%
2018년 01월 08일,1.7649,1.7521,1.7688,1.7475,0.64%
2018년 01월 05일,1.7536,1.7532,1.7623,1.7485,0.00%
2018년 01월 04일,1.7536,1.7563,1.7692,1.7504,-0.05%
2018년 01월 03일,1.7544,1.7512,1.7667,1.7507,0.08%
2018년 01월 02일,1.753,1.7328,1.7551,1.7221,1.15%
2018년 01월 01일,1.7331,1.7345,1.7351,1.7315,-0.08%
2017년 12월 29일,1.7345,1.742,1.7437,1.7315,-0.36%
2017년 12월 28일,1.7408,1.7434,1.7478,1.7318,-0.19%
2017년 12월 27일,1.7442,1.7392,1.7484,1.734,0.34%
2017년 12월 26일,1.7383,1.7295,1.7395,1.7268,0.51%
2017년 12월 25일,1.7294,1.7307,1.735,1.7249,-0.12%
2017년 12월 22일,1.7315,1.7404,1.7425,1.7284,-0.52%
2017년 12월 21일,1.7406,1.7446,1.7506,1.7348,-0.16%
2017년 12월 20일,1.7434,1.7469,1.7517,1.7334,-0.31%
2017년 12월 19일,1.7488,1.7458,1.7547,1.7378,0.17%
2017년 12월 18일,1.7458,1.7099,1.7557,1.7054,2.08%
2017년 12월 15일,1.7102,1.7058,1.7168,1.7011,0.28%
2017년 12월 14일,1.7055,1.6778,1.7116,1.6775,1.64%
2017년 12월 13일,1.678,1.6708,1.6867,1.6668,0.43%
2017년 12월 12일,1.6708,1.6601,1.6771,1.6566,0.68%
2017년 12월 11일,1.6595,1.6675,1.6702,1.655,-0.45%
2017년 12월 08일,1.667,1.6688,1.6739,1.6643,-0.11%
2017년 12월 07일,1.6689,1.6712,1.6764,1.663,-0.21%
2017년 12월 06일,1.6724,1.664,1.6806,1.6616,0.49%
2017년 12월 05일,1.6642,1.6769,1.681,1.6616,-0.73%
2017년 12월 04일,1.6764,1.6724,1.684,1.6702,0.23%
2017년 12월 01일,1.6725,1.6812,1.6838,1.6631,-0.50%
2017년 11월 30일,1.6809,1.6792,1.6937,1.672,0.05%
2017년 11월 29일,1.68,1.6903,1.6942,1.6723,-0.61%
2017년 11월 28일,1.6903,1.7113,1.7115,1.6805,-1.23%
2017년 11월 27일,1.7113,1.712,1.7217,1.7038,-0.05%
2017년 11월 24일,1.7121,1.7072,1.7175,1.7058,0.31%
2017년 11월 23일,1.7068,1.7152,1.7236,1.7045,-0.45%
2017년 11월 22일,1.7145,1.7192,1.725,1.7104,-0.30%
2017년 11월 21일,1.7196,1.724,1.7299,1.705,-0.21%
2017년 11월 20일,1.7232,1.7449,1.7575,1.7145,-1.33%
2017년 11월 17일,1.7465,1.7409,1.7498,1.7349,0.33%
2017년 11월 16일,1.7408,1.7463,1.7502,1.7287,-0.33%
2017년 11월 15일,1.7466,1.766,1.7692,1.7414,-1.08%
2017년 11월 14일,1.7657,1.7813,1.7828,1.7626,-0.79%
2017년 11월 13일,1.7797,1.7719,1.7811,1.7659,0.29%
2017년 11월 10일,1.7745,1.7749,1.7797,1.7698,0.05%
2017년 11월 09일,1.7737,1.765,1.7797,1.7624,0.55%
2017년 11월 08일,1.764,1.7546,1.7666,1.7536,0.47%
2017년 11월 07일,1.7557,1.7579,1.7616,1.7497,-0.13%
2017년 11월 06일,1.7579,1.7599,1.7662,1.7528,-0.08%
2017년 11월 03일,1.7593,1.7683,1.7762,1.7547,-0.52%
2017년 11월 02일,1.7685,1.7497,1.7744,1.7472,1.08%
2017년 11월 01일,1.7496,1.7563,1.7587,1.7451,-0.43%
2017년 10월 31일,1.7572,1.7603,1.7609,1.7477,-0.13%
2017년 10월 30일,1.7594,1.7709,1.7763,1.7576,-0.71%
2017년 10월 27일,1.772,1.7777,1.784,1.7712,-0.33%
2017년 10월 26일,1.7779,1.7917,1.7932,1.7738,-0.75%
2017년 10월 25일,1.7914,1.7885,1.7953,1.7751,0.20%
2017년 10월 24일,1.7879,1.785,1.7905,1.7794,0.16%
2017년 10월 23일,1.785,1.801,1.8066,1.7849,-0.91%
2017년 10월 20일,1.8014,1.8056,1.8142,1.7967,-0.20%
2017년 10월 19일,1.805,1.8117,1.8148,1.804,-0.39%
2017년 10월 18일,1.812,1.8194,1.8214,1.8038,-0.42%
2017년 10월 17일,1.8196,1.8217,1.8306,1.8133,-0.14%
2017년 10월 16일,1.8221,1.8079,1.8267,1.806,0.81%
2017년 10월 13일,1.8075,1.8142,1.8173,1.8034,-0.37%
2017년 10월 12일,1.8142,1.8076,1.8159,1.8059,0.37%
2017년 10월 11일,1.8076,1.8038,1.8115,1.7987,0.23%
2017년 10월 10일,1.8034,1.8061,1.8074,1.7876,-0.13%
2017년 10월 09일,1.8058,1.8081,1.8091,1.8031,-0.16%
2017년 10월 06일,1.8087,1.8187,1.8214,1.8018,-0.48%
2017년 10월 05일,1.8175,1.8082,1.8213,1.7973,0.44%
2017년 10월 04일,1.8095,1.806,1.8145,1.7983,0.21%
2017년 10월 03일,1.8057,1.7957,1.8083,1.7872,0.58%
2017년 10월 02일,1.7952,1.7885,1.7994,1.7843,0.32%
2017년 09월 29일,1.7894,1.8043,1.8062,1.7865,-0.77%
2017년 09월 28일,1.8032,1.7942,1.8041,1.7896,0.45%
2017년 09월 27일,1.7952,1.7905,1.8027,1.7868,0.22%
2017년 09월 26일,1.7912,1.8034,1.8105,1.7896,-0.66%
2017년 09월 25일,1.8031,1.8115,1.8129,1.7988,-0.46%
2017년 09월 22일,1.8115,1.8134,1.8265,1.8084,-0.10%
2017년 09월 21일,1.8134,1.8196,1.8273,1.8112,-0.33%
2017년 09월 20일,1.8194,1.8094,1.8233,1.8011,0.60%
2017년 09월 19일,1.8086,1.8058,1.8105,1.8013,0.07%
2017년 09월 18일,1.8073,1.8147,1.8175,1.801,-0.36%
2017년 09월 15일,1.8139,1.8178,1.8227,1.8054,-0.19%
2017년 09월 14일,1.8173,1.807,1.8219,1.7992,0.56%
2017년 09월 13일,1.8072,1.8135,1.8181,1.7995,-0.34%
2017년 09월 12일,1.8133,1.8151,1.8175,1.802,-0.08%
2017년 09월 11일,1.8148,1.825,1.8354,1.8141,-0.58%
2017년 09월 08일,1.8254,1.8363,1.8463,1.8229,-0.62%
2017년 09월 07일,1.8367,1.8326,1.8414,1.8246,0.25%
2017년 09월 06일,1.8322,1.8163,1.8358,1.8146,0.86%
2017년 09월 05일,1.8166,1.8145,1.8244,1.8071,0.11%
2017년 09월 04일,1.8146,1.7932,1.8164,1.7895,1.19%
2017년 09월 01일,1.7933,1.7998,1.8051,1.7899,-0.33%
2017년 08월 31일,1.7992,1.78,1.7997,1.7757,1.08%
2017년 08월 30일,1.78,1.7975,1.7997,1.7769,-0.95%
2017년 08월 29일,1.7971,1.7807,1.8039,1.7807,0.96%
2017년 08월 28일,1.7801,1.767,1.783,1.763,0.72%
2017년 08월 25일,1.7673,1.7677,1.7744,1.7617,-0.03%
2017년 08월 24일,1.7678,1.7595,1.7709,1.7583,0.44%
2017년 08월 23일,1.76,1.7678,1.7709,1.7598,-0.41%
2017년 08월 22일,1.7673,1.771,1.7725,1.7631,-0.23%
2017년 08월 21일,1.7713,1.764,1.7779,1.7595,0.46%
2017년 08월 18일,1.7632,1.7657,1.7705,1.7609,-0.19%
2017년 08월 17일,1.7666,1.7604,1.7707,1.7586,0.35%
2017년 08월 16일,1.7604,1.751,1.7686,1.749,0.54%
2017년 08월 15일,1.751,1.7563,1.7594,1.7469,-0.30%
2017년 08월 14일,1.7563,1.7664,1.7698,1.7503,-0.68%
2017년 08월 11일,1.7684,1.7619,1.7715,1.758,0.25%
2017년 08월 10일,1.764,1.7551,1.7717,1.753,0.36%
2017년 08월 09일,1.7576,1.7372,1.7608,1.7337,0.99%
2017년 08월 08일,1.7404,1.7268,1.7425,1.7217,0.62%
2017년 08월 07일,1.7296,1.7338,1.7386,1.7259,-0.29%
2017년 08월 04일,1.7346,1.7372,1.7402,1.7285,-0.31%
2017년 08월 03일,1.74,1.7219,1.743,1.7219,0.92%
2017년 08월 02일,1.7242,1.7135,1.7267,1.7117,0.51%
2017년 08월 01일,1.7155,1.7206,1.7296,1.7123,-0.45%
2017년 07월 31일,1.7233,1.717,1.7268,1.7087,0.16%
2017년 07월 28일,1.7206,1.7183,1.7348,1.7156,0.01%
2017년 07월 27일,1.7204,1.7253,1.7326,1.7143,-0.39%
2017년 07월 26일,1.7272,1.7201,1.7288,1.7166,0.26%
2017년 07월 25일,1.7228,1.7077,1.7285,1.7065,0.68%
2017년 07월 24일,1.7111,1.7161,1.7207,1.706,-0.40%
2017년 07월 21일,1.718,1.7163,1.7231,1.7095,-0.03%
2017년 07월 20일,1.7185,1.7186,1.726,1.7137,-0.13%
2017년 07월 19일,1.7207,1.7137,1.7227,1.7061,0.21%
2017년 07월 18일,1.7171,1.7057,1.7218,1.6964,0.48%
2017년 07월 17일,1.7089,1.7141,1.7258,1.7048,-0.47%
2017년 07월 14일,1.7169,1.7185,1.724,1.7101,-0.25%
2017년 07월 13일,1.7212,1.714,1.7258,1.7096,0.27%
2017년 07월 12일,1.7166,1.7207,1.7271,1.7125,-0.44%
2017년 07월 11일,1.7241,1.7216,1.7308,1.7196,-0.04%
2017년 07월 10일,1.7248,1.7264,1.7312,1.7182,-0.27%
2017년 07월 07일,1.7294,1.7366,1.742,1.7256,-0.55%
2017년 07월 06일,1.739,1.7296,1.7405,1.7258,0.44%
2017년 07월 05일,1.7314,1.732,1.7386,1.7273,-0.15%
2017년 07월 04일,1.734,1.7347,1.7409,1.7288,-0.13%
2017년 07월 03일,1.7363,1.7203,1.7367,1.7142,0.79%
2017년 06월 30일,1.7227,1.7232,1.7278,1.7146,-0.12%
2017년 06월 29일,1.7248,1.7138,1.729,1.7124,0.48%
2017년 06월 28일,1.7165,1.717,1.7294,1.7133,-0.16%
2017년 06월 27일,1.7192,1.7113,1.726,1.7112,0.28%
2017년 06월 26일,1.7144,1.7131,1.7218,1.7109,-0.12%
2017년 06월 23일,1.7165,1.7142,1.7231,1.711,0.01%
2017년 06월 22일,1.7163,1.7164,1.7222,1.7103,-0.12%
2017년 06월 21일,1.7183,1.7184,1.727,1.7149,-0.12%
2017년 06월 20일,1.7203,1.7159,1.7262,1.7136,0.14%
2017년 06월 19일,1.7179,1.699,1.7193,1.6937,0.90%
2017년 06월 16일,1.7026,1.6954,1.7131,1.6909,0.28%
2017년 06월 15일,1.6979,1.6912,1.7124,1.6895,0.26%
2017년 06월 14일,1.6935,1.7026,1.7065,1.6874,-0.67%
2017년 06월 13일,1.705,1.7069,1.7118,1.6989,-0.25%
2017년 06월 12일,1.7093,1.6933,1.7153,1.6907,0.78%
2017년 06월 09일,1.696,1.6842,1.6981,1.6807,0.56%
2017년 06월 08일,1.6865,1.6763,1.6897,1.6727,0.44%
2017년 06월 07일,1.6791,1.6688,1.6886,1.6686,0.48%
2017년 06월 06일,1.6711,1.6693,1.678,1.6651,-0.01%
2017년 06월 05일,1.6712,1.6655,1.6765,1.6626,0.16%
2017년 06월 02일,1.6686,1.6656,1.6759,1.6615,0.00%
2017년 06월 01일,1.6686,1.661,1.6742,1.6589,0.32%
2017년 05월 31일,1.6632,1.6628,1.6723,1.6533,-0.17%
2017년 05월 30일,1.6661,1.6613,1.6715,1.6595,0.18%
2017년 05월 29일,1.6631,1.6615,1.6701,1.6606,-0.05%
2017년 05월 26일,1.664,1.6719,1.6796,1.6609,-0.63%
2017년 05월 25일,1.6746,1.6623,1.6781,1.6579,0.56%
2017년 05월 24일,1.6652,1.6648,1.6742,1.6621,-0.13%
2017년 05월 23일,1.6674,1.6617,1.6842,1.6608,0.20%
2017년 05월 22일,1.664,1.6684,1.679,1.6592,-0.40%
2017년 05월 19일,1.6706,1.6776,1.6847,1.6602,-0.51%
2017년 05월 18일,1.6792,1.6721,1.6847,1.6626,0.33%
2017년 05월 17일,1.6737,1.6713,1.6828,1.667,-0.04%
2017년 05월 16일,1.6743,1.6711,1.681,1.6658,0.09%
2017년 05월 15일,1.6728,1.6698,1.6785,1.6582,0.07%
2017년 05월 12일,1.6717,1.6711,1.6833,1.6682,-0.07%
2017년 05월 11일,1.6728,1.6796,1.6878,1.6696,-0.53%
2017년 05월 10일,1.6817,1.6758,1.6905,1.6661,0.17%
2017년 05월 09일,1.6789,1.6676,1.6833,1.6666,0.52%
2017년 05월 08일,1.6702,1.6887,1.6958,1.6659,-1.27%
2017년 05월 05일,1.6917,1.6804,1.6956,1.6773,0.57%
2017년 05월 04일,1.6821,1.6918,1.6974,1.6758,-0.76%
2017년 05월 03일,1.6949,1.688,1.6981,1.6824,0.24%
2017년 05월 02일,1.6908,1.7066,1.7098,1.6855,-1.06%
2017년 05월 01일,1.709,1.7025,1.7106,1.7003,0.19%
2017년 04월 28일,1.7058,1.7046,1.7236,1.7,-0.06%
2017년 04월 27일,1.7069,1.7026,1.7137,1.6957,0.15%
2017년 04월 26일,1.7043,1.7026,1.7109,1.6929,-0.01%
2017년 04월 25일,1.7044,1.7286,1.735,1.7012,-1.55%
2017년 04월 24일,1.7313,1.7351,1.7416,1.7214,-0.31%
2017년 04월 21일,1.7366,1.7492,1.755,1.7344,-0.82%
2017년 04월 20일,1.751,1.7604,1.7673,1.7407,-0.70%
2017년 04월 19일,1.7634,1.7588,1.7645,1.7478,0.09%
2017년 04월 18일,1.7618,1.7519,1.7805,1.7511,0.38%
2017년 04월 17일,1.7552,1.748,1.7608,1.7441,0.27%
2017년 04월 14일,1.7504,1.7429,1.7574,1.7416,0.22%
2017년 04월 13일,1.7466,1.7365,1.7533,1.7231,0.47%
2017년 04월 12일,1.7385,1.7484,1.7572,1.7333,-0.65%
2017년 04월 11일,1.7499,1.7486,1.7643,1.7459,-0.11%
2017년 04월 10일,1.7518,1.7303,1.7571,1.7289,1.06%
2017년 04월 07일,1.7335,1.7202,1.7379,1.719,0.59%
2017년 04월 06일,1.7234,1.7129,1.728,1.7105,0.51%
2017년 04월 05일,1.7147,1.7006,1.7187,1.6959,0.62%
2017년 04월 04일,1.7041,1.6941,1.7108,1.6934,0.41%
2017년 04월 03일,1.6971,1.6894,1.7063,1.6824,0.19%
2017년 03월 31일,1.6938,1.6835,1.6969,1.6732,0.41%
2017년 03월 30일,1.6868,1.6729,1.6921,1.6728,0.63%
2017년 03월 29일,1.6762,1.6737,1.6825,1.6686,-0.04%
2017년 03월 28일,1.6769,1.669,1.6823,1.663,0.32%
2017년 03월 27일,1.6716,1.69,1.6933,1.6661,-1.29%
2017년 03월 24일,1.6934,1.6902,1.6973,1.6834,0.00%
2017년 03월 23일,1.6934,1.6858,1.7018,1.6819,0.27%
2017년 03월 22일,1.6888,1.7018,1.7119,1.6821,-0.86%
2017년 03월 21일,1.7035,1.6849,1.7054,1.6843,0.90%
2017년 03월 20일,1.6883,1.703,1.7098,1.6768,-1.00%
2017년 03월 17일,1.7053,1.7017,1.7134,1.6995,0.01%
2017년 03월 16일,1.7051,1.6903,1.7166,1.6895,0.70%
2017년 03월 15일,1.6932,1.715,1.7199,1.6888,-1.44%
2017년 03월 14일,1.7179,1.7187,1.7279,1.7134,-0.26%
2017년 03월 13일,1.7223,1.7275,1.737,1.7143,-0.47%
2017년 03월 10일,1.7304,1.7403,1.746,1.727,-0.73%
2017년 03월 09일,1.7432,1.7372,1.7519,1.7363,0.14%
2017년 03월 08일,1.7408,1.7428,1.7509,1.7316,-0.31%
2017년 03월 07일,1.7463,1.743,1.751,1.7295,0.03%
2017년 03월 06일,1.7457,1.7519,1.7652,1.742,-0.44%
2017년 03월 03일,1.7534,1.7531,1.7694,1.7486,-0.09%
2017년 03월 02일,1.7549,1.753,1.7606,1.7446,-0.03%
2017년 03월 01일,1.7554,1.7474,1.768,1.7469,0.33%
2017년 02월 28일,1.7497,1.7533,1.7574,1.7283,-0.30%
2017년 02월 27일,1.755,1.7463,1.7619,1.7444,0.40%
2017년 02월 24일,1.748,1.7642,1.7686,1.7429,-1.04%
2017년 02월 23일,1.7663,1.7669,1.7783,1.7582,-0.21%
2017년 02월 22일,1.77,1.7782,1.7876,1.7661,-0.63%
2017년 02월 21일,1.7813,1.7833,1.7933,1.7731,-0.29%
2017년 02월 20일,1.7865,1.7846,1.7896,1.7762,-0.01%
2017년 02월 17일,1.7867,1.7842,1.8017,1.7794,-0.02%
2017년 02월 16일,1.7871,1.7734,1.7938,1.7711,0.59%
2017년 02월 15일,1.7767,1.7725,1.7915,1.7704,0.07%
2017년 02월 14일,1.7755,1.7855,1.7943,1.7653,-0.76%
2017년 02월 13일,1.7891,1.7907,1.8081,1.7847,-0.20%
2017년 02월 10일,1.7926,1.7799,1.7969,1.7738,0.57%
2017년 02월 09일,1.7825,1.7646,1.7845,1.7547,0.83%
2017년 02월 08일,1.7679,1.7635,1.7835,1.7594,0.05%
2017년 02월 07일,1.7671,1.7686,1.7933,1.7629,-0.22%
2017년 02월 06일,1.771,1.7744,1.7866,1.7663,-0.35%
2017년 02월 03일,1.7772,1.7791,1.791,1.7718,-0.21%
2017년 02월 02일,1.7809,1.783,1.7877,1.763,-0.25%
2017년 02월 01일,1.7853,1.7738,1.7949,1.7713,0.50%
2017년 01월 31일,1.7765,1.8051,1.8081,1.7661,-1.74%
2017년 01월 30일,1.808,1.8099,1.8201,1.8024,-0.31%
2017년 01월 27일,1.8137,1.7986,1.8167,1.7946,0.71%
2017년 01월 26일,1.801,1.7884,1.8135,1.7786,0.50%
2017년 01월 25일,1.792,1.79,1.8037,1.7831,-0.07%
2017년 01월 24일,1.7933,1.779,1.7941,1.772,0.70%
2017년 01월 23일,1.7808,1.7888,1.7955,1.768,-0.58%
2017년 01월 20일,1.7911,1.7762,1.7952,1.7619,0.70%
2017년 01월 19일,1.7786,1.7809,1.7933,1.7716,-0.28%
2017년 01월 18일,1.7836,1.7678,1.7874,1.764,0.80%
2017년 01월 17일,1.7695,1.7843,1.7932,1.758,-0.96%
2017년 01월 16일,1.7866,1.7805,1.7934,1.7805,0.25%
2017년 01월 13일,1.7822,1.7755,1.7905,1.7692,0.28%
2017년 01월 12일,1.7772,1.7669,1.7785,1.7506,0.40%
2017년 01월 11일,1.7701,1.7909,1.7955,1.7666,-1.33%
2017년 01월 10일,1.794,1.7899,1.7959,1.7761,0.04%
2017년 01월 09일,1.7933,1.7974,1.8132,1.7875,-0.45%
2017년 01월 06일,1.8014,1.7853,1.8054,1.7775,0.78%
2017년 01월 05일,1.7875,1.7784,1.7926,1.7619,0.33%
2017년 01월 04일,1.7817,1.7857,1.7968,1.7757,-0.32%
2017년 01월 03일,1.7875,1.7946,1.8078,1.7848,-0.55%
2017년 01월 02일,1.7974,1.799,1.8077,1.7935,-0.28%
2016년 12월 30일,1.8025,1.8062,1.8095,1.7888,-0.30%
2016년 12월 29일,1.8079,1.8038,1.8203,1.7901,0.13%
2016년 12월 28일,1.8056,1.7911,1.8073,1.788,0.71%
2016년 12월 27일,1.7928,1.7845,1.7985,1.7774,0.27%
2016년 12월 26일,1.7879,1.7789,1.7891,1.7742,0.35%
2016년 12월 23일,1.7817,1.7827,1.7948,1.7705,-0.17%
2016년 12월 22일,1.7847,1.7695,1.793,1.7686,0.76%
2016년 12월 21일,1.7712,1.7618,1.7828,1.757,0.44%
2016년 12월 20일,1.7634,1.751,1.7724,1.7507,0.58%
2016년 12월 19일,1.7533,1.7602,1.7671,1.7461,-0.50%
2016년 12월 16일,1.7621,1.7757,1.7868,1.7577,-0.95%
2016년 12월 15일,1.779,1.7891,1.8025,1.7745,-0.66%
2016년 12월 14일,1.7909,1.7856,1.8017,1.7706,0.13%
2016년 12월 13일,1.7885,1.7917,1.8041,1.7847,-0.31%
2016년 12월 12일,1.7941,1.7969,1.8023,1.7879,-0.31%
2016년 12월 09일,1.7997,1.773,1.8048,1.7728,1.35%
2016년 12월 08일,1.7758,1.7668,1.781,1.7646,0.41%
2016년 12월 07일,1.7686,1.7789,1.7875,1.7561,-0.69%
2016년 12월 06일,1.7809,1.7513,1.7812,1.7506,1.50%
2016년 12월 05일,1.7545,1.7469,1.7635,1.742,0.80%
2016년 12월 02일,1.7406,1.7309,1.7444,1.7255,0.47%
2016년 12월 01일,1.7325,1.7389,1.7442,1.7234,-0.56%
2016년 11월 30일,1.7423,1.7311,1.7507,1.7304,0.46%
2016년 11월 29일,1.7343,1.7329,1.7449,1.7232,-0.07%
2016년 11월 28일,1.7355,1.729,1.7434,1.7181,0.21%
2016년 11월 25일,1.7319,1.7413,1.7469,1.7265,-0.72%
2016년 11월 24일,1.7444,1.7416,1.7507,1.7307,-0.03%
2016년 11월 23일,1.745,1.7244,1.7484,1.7223,1.00%
2016년 11월 22일,1.7277,1.7467,1.7541,1.7235,-1.25%
2016년 11월 21일,1.7495,1.7378,1.7512,1.7332,0.49%
2016년 11월 18일,1.741,1.741,1.755,1.7293,-0.16%
2016년 11월 17일,1.7438,1.7313,1.7481,1.7281,0.56%
2016년 11월 16일,1.7341,1.735,1.7601,1.7283,-0.21%
2016년 11월 15일,1.7378,1.7398,1.7559,1.7326,-0.28%
2016년 11월 14일,1.7426,1.7439,1.7674,1.7386,-0.23%
2016년 11월 11일,1.7466,1.7649,1.7787,1.7388,-1.18%
2016년 11월 10일,1.7674,1.779,1.7969,1.759,-0.87%
2016년 11월 09일,1.7829,1.7403,1.7891,1.7398,2.25%
2016년 11월 08일,1.7436,1.7444,1.7548,1.733,-0.23%
2016년 11월 07일,1.7476,1.7366,1.7541,1.732,0.46%
2016년 11월 04일,1.7396,1.7533,1.7615,1.7323,-0.95%
2016년 11월 03일,1.7562,1.7589,1.7683,1.7459,-0.35%
2016년 11월 02일,1.7624,1.7577,1.7712,1.7445,0.11%
2016년 11월 01일,1.7605,1.7495,1.7639,1.7415,0.53%
2016년 10월 31일,1.7513,1.7514,1.7575,1.741,-0.17%
2016년 10월 28일,1.7542,1.7605,1.7694,1.7488,-0.52%
2016년 10월 27일,1.7634,1.7384,1.7664,1.735,1.28%
2016년 10월 26일,1.7411,1.7274,1.7453,1.725,0.62%
2016년 10월 25일,1.7303,1.7203,1.739,1.7171,0.40%
2016년 10월 24일,1.7234,1.7009,1.7296,1.6925,1.12%
2016년 10월 21일,1.7043,1.6936,1.7135,1.692,0.47%
2016년 10월 20일,1.6964,1.6812,1.6994,1.6787,0.74%
2016년 10월 19일,1.684,1.6809,1.6871,1.6734,0.00%
2016년 10월 18일,1.684,1.6928,1.6982,1.6756,-0.68%
2016년 10월 17일,1.6956,1.6921,1.7067,1.6914,0.06%
2016년 10월 14일,1.6945,1.6836,1.6955,1.6797,0.48%
2016년 10월 13일,1.6864,1.6867,1.7098,1.6811,-0.18%
2016년 10월 12일,1.6894,1.6831,1.6942,1.6779,0.21%
2016년 10월 11일,1.6859,1.6541,1.6913,1.6524,1.81%
2016년 10월 10일,1.6559,1.6639,1.6679,1.6515,-0.64%
2016년 10월 07일,1.6665,1.6719,1.6784,1.66,-0.42%
2016년 10월 06일,1.6736,1.6775,1.6822,1.6679,-0.40%
2016년 10월 05일,1.6803,1.6788,1.6862,1.6714,-0.08%
2016년 10월 04일,1.6816,1.6694,1.6856,1.6664,0.56%
2016년 10월 03일,1.6722,1.6737,1.6849,1.6687,-0.20%
2016년 09월 30일,1.6756,1.6684,1.6782,1.6619,0.26%
2016년 09월 29일,1.6712,1.6545,1.6791,1.6537,0.81%
2016년 09월 28일,1.6578,1.6526,1.6645,1.6483,0.13%
2016년 09월 27일,1.6557,1.6713,1.6814,1.6492,-1.10%
2016년 09월 26일,1.6741,1.6686,1.681,1.6639,0.18%
2016년 09월 23일,1.6711,1.6702,1.6788,1.6635,-0.11%
2016년 09월 22일,1.673,1.6629,1.6807,1.6593,0.44%
2016년 09월 21일,1.6657,1.6617,1.6798,1.6523,0.08%
2016년 09월 20일,1.6644,1.6543,1.6679,1.6521,0.41%
2016년 09월 19일,1.6576,1.6651,1.6692,1.6507,-0.64%
2016년 09월 16일,1.6683,1.6715,1.6794,1.6618,-0.36%
2016년 09월 15일,1.6743,1.6665,1.6825,1.662,0.31%
2016년 09월 14일,1.6692,1.6642,1.6753,1.657,0.14%
2016년 09월 13일,1.6669,1.6557,1.6808,1.6549,0.51%
2016년 09월 12일,1.6584,1.6506,1.669,1.6428,0.48%
2016년 09월 09일,1.6505,1.6481,1.6624,1.643,-0.02%
2016년 09월 08일,1.6508,1.6426,1.6568,1.6407,0.30%
2016년 09월 07일,1.6459,1.6485,1.6552,1.6365,-0.36%
2016년 09월 06일,1.6518,1.6363,1.6561,1.6358,0.76%
2016년 09월 05일,1.6394,1.661,1.665,1.6363,-1.38%
2016년 09월 02일,1.6623,1.6401,1.6627,1.6343,1.19%
2016년 09월 01일,1.6428,1.6375,1.6556,1.6333,0.16%
2016년 08월 31일,1.6402,1.6587,1.6652,1.6347,-1.22%
2016년 08월 30일,1.6604,1.6646,1.6679,1.6538,-0.41%
2016년 08월 29일,1.6673,1.6665,1.6795,1.6645,-0.13%
2016년 08월 26일,1.6694,1.6807,1.6885,1.6649,-0.84%
2016년 08월 25일,1.6835,1.6702,1.6852,1.6587,0.59%
2016년 08월 24일,1.6736,1.6628,1.6782,1.6602,0.48%
2016년 08월 23일,1.6656,1.6777,1.6814,1.6604,-0.89%
2016년 08월 22일,1.6805,1.6827,1.7059,1.6715,-0.20%
2016년 08월 19일,1.6839,1.681,1.7098,1.68,0.00%
2016년 08월 18일,1.6839,1.6812,1.6999,1.6756,-0.02%
2016년 08월 17일,1.6842,1.6782,1.7122,1.6761,0.19%
2016년 08월 16일,1.681,1.6874,1.6982,1.6757,-0.56%
2016년 08월 15일,1.6905,1.6912,1.6975,1.6843,-0.24%
2016년 08월 12일,1.6946,1.7042,1.724,1.6869,-0.78%
2016년 08월 11일,1.708,1.6861,1.7129,1.6746,1.10%
2016년 08월 10일,1.6894,1.6866,1.6936,1.6694,-0.04%
2016년 08월 09일,1.69,1.689,1.6944,1.6798,-0.07%
2016년 08월 08일,1.6911,1.6957,1.7008,1.6823,-0.53%
2016년 08월 05일,1.7001,1.6963,1.7019,1.6832,0.02%
2016년 08월 04일,1.6997,1.6979,1.7033,1.6866,-0.06%
2016년 08월 03일,1.7007,1.693,1.713,1.6913,0.27%
2016년 08월 02일,1.6961,1.6797,1.6993,1.6772,0.79%
2016년 08월 01일,1.6828,1.6927,1.7015,1.6775,-0.83%
2016년 07월 29일,1.6969,1.6919,1.7084,1.6811,0.12%
2016년 07월 28일,1.6949,1.6987,1.7026,1.687,-0.38%
2016년 07월 27일,1.7014,1.7161,1.7224,1.6979,-1.05%
2016년 07월 26일,1.7195,1.7294,1.7359,1.7131,-0.77%
2016년 07월 25일,1.7328,1.7436,1.7539,1.7284,-0.78%
2016년 07월 22일,1.7464,1.7457,1.7542,1.7365,-0.15%
2016년 07월 21일,1.749,1.7495,1.7587,1.7378,-0.25%
2016년 07월 20일,1.7533,1.7465,1.7604,1.7423,0.23%
2016년 07월 19일,1.7493,1.7473,1.7665,1.7429,-0.09%
2016년 07월 18일,1.7508,1.7332,1.7559,1.7284,0.74%
2016년 07월 15일,1.738,1.7372,1.7549,1.7321,-0.15%
2016년 07월 14일,1.7406,1.7447,1.7501,1.7178,-0.39%
2016년 07월 13일,1.7475,1.7294,1.7496,1.728,0.85%
2016년 07월 12일,1.7328,1.7369,1.7532,1.7279,-0.42%
2016년 07월 11일,1.7401,1.7404,1.7536,1.7332,-0.19%
2016년 07월 08일,1.7434,1.7374,1.7519,1.7304,0.18%
2016년 07월 07일,1.7402,1.7458,1.7557,1.7323,-0.50%
2016년 07월 06일,1.7489,1.7454,1.7664,1.742,0.04%
2016년 07월 05일,1.7482,1.7503,1.764,1.74,-0.31%
2016년 07월 04일,1.7536,1.7408,1.754,1.7308,0.76%
2016년 07월 01일,1.7404,1.7373,1.7488,1.726,-0.02%
2016년 06월 30일,1.7407,1.7414,1.7593,1.7289,-0.22%
2016년 06월 29일,1.7446,1.7469,1.7591,1.7298,-0.33%
2016년 06월 28일,1.7504,1.7275,1.7561,1.7122,1.16%
2016년 06월 27일,1.7304,1.7229,1.7509,1.7229,0.28%
2016년 06월 24일,1.7255,1.7031,1.765,1.7015,1.17%
2016년 06월 23일,1.7055,1.7007,1.7171,1.6953,0.12%
2016년 06월 22일,1.7034,1.7029,1.7153,1.6989,-0.16%
2016년 06월 21일,1.7062,1.7064,1.7183,1.6945,-0.18%
2016년 06월 20일,1.7092,1.7069,1.7107,1.6879,-0.05%
2016년 06월 17일,1.71,1.6995,1.7161,1.6926,0.44%
2016년 06월 16일,1.7025,1.7011,1.7171,1.696,-0.12%
2016년 06월 15일,1.7046,1.7051,1.7145,1.6962,-0.19%
2016년 06월 14일,1.7078,1.7095,1.7261,1.7038,-0.27%
2016년 06월 13일,1.7125,1.7112,1.7214,1.7003,-0.05%
2016년 06월 10일,1.7134,1.7038,1.7258,1.6981,0.35%
2016년 06월 09일,1.7074,1.7104,1.7269,1.7036,-0.33%
2016년 06월 08일,1.713,1.6988,1.719,1.6917,0.65%
2016년 06월 07일,1.702,1.7074,1.7147,1.6886,-0.52%
2016년 06월 06일,1.7109,1.7046,1.7177,1.6997,0.33%
2016년 06월 03일,1.7053,1.7178,1.7343,1.6993,-0.88%
2016년 06월 02일,1.7205,1.7215,1.7288,1.7112,-0.22%
2016년 06월 01일,1.7243,1.7149,1.7285,1.7095,0.37%
2016년 05월 31일,1.718,1.7328,1.7444,1.7142,-0.99%
2016년 05월 30일,1.7351,1.7214,1.7357,1.7199,0.66%
2016년 05월 27일,1.7237,1.7146,1.7287,1.7082,0.40%
2016년 05월 26일,1.7169,1.7056,1.7234,1.6997,0.48%
2016년 05월 25일,1.7087,1.7055,1.7143,1.6957,0.00%
2016년 05월 24일,1.7087,1.6998,1.7233,1.6994,0.33%
2016년 05월 23일,1.703,1.7191,1.7223,1.6994,-0.69%
2016년 05월 20일,1.7149,1.7087,1.7224,1.7038,0.26%
2016년 05월 19일,1.7105,1.7062,1.7138,1.6974,0.10%
2016년 05월 18일,1.7088,1.7057,1.7255,1.6987,0.02%
2016년 05월 17일,1.7084,1.6949,1.7126,1.6839,0.65%
2016년 05월 16일,1.6974,1.7004,1.714,1.6929,-0.28%
2016년 05월 13일,1.7022,1.7059,1.7146,1.6967,-0.39%
2016년 05월 12일,1.7088,1.7115,1.7296,1.7013,-0.35%
2016년 05월 11일,1.7148,1.722,1.7311,1.7037,-0.60%
2016년 05월 10일,1.7252,1.7322,1.7393,1.72,-0.58%
2016년 05월 09일,1.7352,1.7593,1.7652,1.732,-1.43%
2016년 05월 06일,1.7604,1.7453,1.7633,1.7417,0.67%
2016년 05월 05일,1.7486,1.7354,1.7552,1.7302,0.63%
2016년 05월 04일,1.7376,1.7177,1.7431,1.7151,0.97%
2016년 05월 03일,1.7209,1.7154,1.7329,1.7102,0.09%
2016년 05월 02일,1.7193,1.7339,1.7401,1.7149,-0.72%
2016년 04월 29일,1.7317,1.7152,1.741,1.7101,0.77%
2016년 04월 28일,1.7185,1.7253,1.7341,1.7057,-0.56%
2016년 04월 27일,1.7281,1.7123,1.735,1.7044,0.76%
2016년 04월 26일,1.7151,1.7178,1.7256,1.7083,-0.28%
2016년 04월 25일,1.7199,1.7169,1.7306,1.7092,-0.05%
2016년 04월 22일,1.7208,1.7099,1.7276,1.7051,0.46%
2016년 04월 21일,1.713,1.7202,1.7329,1.7045,-0.55%
2016년 04월 20일,1.7224,1.7076,1.7245,1.7042,0.68%
2016년 04월 19일,1.7108,1.7224,1.7291,1.6975,-0.83%
2016년 04월 18일,1.7252,1.7177,1.7309,1.7148,0.26%
2016년 04월 15일,1.7207,1.735,1.7422,1.7115,-1.02%
2016년 04월 14일,1.7384,1.7062,1.743,1.7051,1.67%
2016년 04월 13일,1.7098,1.6965,1.7188,1.6935,0.61%
2016년 04월 12일,1.6995,1.6812,1.7091,1.6759,1.01%
2016년 04월 11일,1.6825,1.6808,1.6887,1.6692,-0.14%
2016년 04월 08일,1.6848,1.6917,1.6978,1.677,-0.59%
2016년 04월 07일,1.6948,1.7088,1.717,1.6901,-0.98%
2016년 04월 06일,1.7115,1.7171,1.7216,1.7043,-0.48%
2016년 04월 05일,1.7197,1.71,1.7308,1.7052,0.41%
2016년 04월 04일,1.7127,1.7087,1.7238,1.7053,0.07%
2016년 04월 01일,1.7115,1.7051,1.7227,1.6996,0.21%
2016년 03월 31일,1.7079,1.6987,1.7154,1.6865,0.45%
2016년 03월 30일,1.7003,1.6927,1.7029,1.6756,0.25%
2016년 03월 29일,1.6961,1.7082,1.7209,1.6922,-0.89%
2016년 03월 28일,1.7113,1.7156,1.725,1.7058,-0.34%
2016년 03월 25일,1.7171,1.7139,1.7248,1.7086,0.01%
2016년 03월 24일,1.7169,1.7116,1.7194,1.6996,0.08%
2016년 03월 23일,1.7155,1.7168,1.7315,1.7095,-0.17%
2016년 03월 22일,1.7185,1.7144,1.7214,1.7006,0.07%
2016년 03월 21일,1.7173,1.7185,1.7308,1.7041,-0.24%
2016년 03월 18일,1.7215,1.7211,1.7387,1.7128,-0.16%
2016년 03월 17일,1.7242,1.7292,1.7342,1.7001,-0.43%
2016년 03월 16일,1.7317,1.7374,1.743,1.7238,-0.48%
2016년 03월 15일,1.7401,1.738,1.7569,1.7341,-0.07%
2016년 03월 14일,1.7413,1.7366,1.7497,1.7227,0.06%
2016년 03월 11일,1.7403,1.7636,1.7737,1.7292,-1.42%
2016년 03월 10일,1.7653,1.7793,1.7893,1.7607,-1.04%
2016년 03월 09일,1.7839,1.7691,1.7902,1.7655,0.68%
2016년 03월 08일,1.7718,1.765,1.7821,1.763,0.21%
2016년 03월 07일,1.7681,1.7551,1.7749,1.7527,0.59%
2016년 03월 04일,1.7578,1.7644,1.774,1.7501,-0.52%
2016년 03월 03일,1.767,1.7856,1.7926,1.7577,-1.23%
2016년 03월 02일,1.789,1.78,1.7959,1.7741,0.32%
2016년 03월 01일,1.7833,1.775,1.7861,1.7641,0.32%
2016년 02월 29일,1.7776,1.7926,1.7968,1.7738,-0.88%
2016년 02월 26일,1.7934,1.7851,1.8047,1.7801,0.29%
2016년 02월 25일,1.7883,1.7766,1.8007,1.77,0.51%
2016년 02월 24일,1.7792,1.7685,1.7859,1.7636,0.51%
2016년 02월 23일,1.7702,1.7657,1.7843,1.7619,0.11%
2016년 02월 22일,1.7683,1.7628,1.7742,1.7533,0.20%
2016년 02월 19일,1.7647,1.7458,1.7663,1.742,0.89%
2016년 02월 18일,1.7492,1.7441,1.7639,1.7409,0.11%
2016년 02월 17일,1.7473,1.7164,1.7536,1.7143,1.63%
2016년 02월 16일,1.7193,1.726,1.7371,1.7153,-0.57%
2016년 02월 15일,1.7292,1.7131,1.7326,1.7101,0.89%
2016년 02월 12일,1.7139,1.6823,1.7179,1.6797,1.72%
2016년 02월 11일,1.6849,1.6652,1.6932,1.6648,1.01%
2016년 02월 10일,1.668,1.6761,1.6833,1.6638,-0.66%
2016년 02월 09일,1.6791,1.684,1.6971,1.6749,-0.47%
2016년 02월 08일,1.687,1.7054,1.715,1.684,-1.25%
2016년 02월 05일,1.7084,1.7084,1.7223,1.7033,-0.16%
2016년 02월 04일,1.7112,1.7023,1.7144,1.6817,0.39%
2016년 02월 03일,1.7046,1.6953,1.7212,1.6936,0.40%
2016년 02월 02일,1.6978,1.6871,1.7063,1.6816,0.47%
2016년 02월 01일,1.6899,1.6912,1.6994,1.6749,-0.21%
2016년 01월 29일,1.6934,1.6959,1.7089,1.6828,-0.30%
2016년 01월 28일,1.6985,1.6867,1.6992,1.6825,0.55%
2016년 01월 27일,1.6892,1.6657,1.6915,1.6652,1.25%
2016년 01월 26일,1.6683,1.6575,1.6797,1.6546,0.49%
2016년 01월 25일,1.6601,1.6713,1.6761,1.6502,-0.80%
2016년 01월 22일,1.6735,1.6576,1.6814,1.6435,0.87%
2016년 01월 21일,1.659,1.6599,1.6712,1.6565,-0.20%
2016년 01월 20일,1.6624,1.6574,1.6714,1.655,0.14%
2016년 01월 19일,1.66,1.6565,1.6662,1.6477,0.07%
2016년 01월 18일,1.6588,1.6593,1.6651,1.6499,-0.20%
2016년 01월 15일,1.6621,1.6718,1.6904,1.6587,-0.73%
2016년 01월 14일,1.6744,1.6608,1.6768,1.6605,0.67%
2016년 01월 13일,1.6633,1.6551,1.6719,1.6441,0.35%
2016년 01월 12일,1.6575,1.6438,1.6621,1.6413,0.69%
2016년 01월 11일,1.6461,1.6581,1.6645,1.6412,-0.87%
2016년 01월 08일,1.6606,1.6528,1.672,1.6492,0.33%
2016년 01월 07일,1.6552,1.6771,1.6845,1.6484,-1.41%
2016년 01월 06일,1.6789,1.667,1.6854,1.6629,0.61%
2016년 01월 05일,1.6688,1.6574,1.6709,1.6508,0.52%
2016년 01월 04일,1.6602,1.6566,1.6809,1.6561,0.08%
2016년 01월 01일,1.6589,1.6564,1.6603,1.6544,-0.04%
2015년 12월 31일,1.6596,1.6537,1.6632,1.6516,0.18%
2015년 12월 30일,1.6567,1.6543,1.6669,1.6476,-0.02%
2015년 12월 29일,1.6571,1.6486,1.6611,1.6461,0.36%
2015년 12월 28일,1.6511,1.6694,1.6727,1.6476,-1.27%
