날짜,통화명,환율,전일대비,Cross Rate
2015.12.28,베트남 동화 (VND) (100),5.19,-0.01,"22,543.50"
2015.12.29,베트남 동화 (VND) (100),5.17,-0.02,"22,532.00"
2015.12.30,베트남 동화 (VND) (100),5.19,0.02,"22,480.00"
2015.12.31,베트남 동화 (VND) (100),5.22,0.03,"22,445.00"
2016.01.04,베트남 동화 (VND) (100),5.21,-0.01,"22,485.00"
2016.01.05,베트남 동화 (VND) (100),5.27,0.06,"22,485.00"
2016.01.06,베트남 동화 (VND) (100),5.28,0.01,"22,485.00"
2016.01.07,베트남 동화 (VND) (100),5.31,0.03,"22,467.50"
2016.01.08,베트남 동화 (VND) (100),5.34,0.03,"22,475.00"
2016.01.11,베트남 동화 (VND) (100),5.32,-0.02,"22,465.00"
2016.01.12,베트남 동화 (VND) (100),5.38,0.06,"22,453.00"
2016.01.13,베트남 동화 (VND) (100),5.39,0.01,"22,429.50"
2016.01.14,베트남 동화 (VND) (100),5.38,-0.01,"22,406.50"
2016.01.15,베트남 동화 (VND) (100),5.4,0.02,"22,437.50"
2016.01.18,베트남 동화 (VND) (100),5.4,0,"22,416.50"
2016.01.19,베트남 동화 (VND) (100),5.41,0.01,"22,400.00"
2016.01.20,베트남 동화 (VND) (100),5.39,-0.02,"22,455.00"
2016.01.21,베트남 동화 (VND) (100),5.4,0.01,"22,457.00"
2016.01.22,베트남 동화 (VND) (100),5.4,0,"22,391.00"
2016.01.25,베트남 동화 (VND) (100),5.36,-0.04,"22,455.00"
2016.01.26,베트남 동화 (VND) (100),5.34,-0.02,"22,355.00"
2016.01.27,베트남 동화 (VND) (100),5.38,0.04,"22,333.50"
2016.01.28,베트남 동화 (VND) (100),5.39,0.01,"22,295.00"
2016.01.29,베트남 동화 (VND) (100),5.44,0.05,"22,230.00"
2016.02.01,베트남 동화 (VND) (100),5.42,-0.02,"22,241.00"
2016.02.02,베트남 동화 (VND) (100),5.41,-0.01,"22,271.00"
2016.02.03,베트남 동화 (VND) (100),5.4,-0.01,"22,285.50"
2016.02.04,베트남 동화 (VND) (100),5.46,0.06,"22,276.50"
2016.02.05,베트남 동화 (VND) (100),5.4,-0.06,"22,288.50"
2016.02.11,베트남 동화 (VND) (100),5.36,-0.04,"22,277.00"
2016.02.12,베트남 동화 (VND) (100),5.37,0.01,"22,276.00"
2016.02.15,베트남 동화 (VND) (100),5.41,0.04,"22,308.00"
2016.02.16,베트남 동화 (VND) (100),5.41,0,"22,370.00"
2016.02.17,베트남 동화 (VND) (100),5.43,0.02,"22,392.00"
2016.02.18,베트남 동화 (VND) (100),5.47,0.04,"22,388.50"
2016.02.19,베트남 동화 (VND) (100),5.48,0.01,"22,355.00"
2016.02.22,베트남 동화 (VND) (100),5.52,0.04,"22,348.50"
2016.02.23,베트남 동화 (VND) (100),5.51,-0.01,"22,377.00"
2016.02.24,베트남 동화 (VND) (100),5.5,-0.01,"22,375.50"
2016.02.25,베트남 동화 (VND) (100),5.52,0.02,"22,385.00"
2016.02.26,베트남 동화 (VND) (100),5.53,0.01,"22,360.50"
2016.02.29,베트남 동화 (VND) (100),5.54,0.01,"22,317.50"
2016.03.02,베트남 동화 (VND) (100),5.56,0.02,"22,302.00"
2016.03.03,베트남 동화 (VND) (100),5.52,-0.04,"22,315.00"
2016.03.04,베트남 동화 (VND) (100),5.47,-0.05,"22,302.00"
2016.03.07,베트남 동화 (VND) (100),5.42,-0.05,"22,277.50"
2016.03.08,베트남 동화 (VND) (100),5.37,-0.05,"22,348.00"
2016.03.09,베트남 동화 (VND) (100),5.41,0.04,"22,290.00"
2016.03.10,베트남 동화 (VND) (100),5.45,0.04,"22,291.50"
2016.03.11,베트남 동화 (VND) (100),5.43,-0.02,"22,270.00"
2016.03.14,베트남 동화 (VND) (100),5.39,-0.04,"22,281.50"
2016.03.15,베트남 동화 (VND) (100),5.32,-0.07,"22,295.50"
2016.03.16,베트남 동화 (VND) (100),5.34,0.02,"22,287.00"
2016.03.17,베트남 동화 (VND) (100),5.35,0.01,"22,295.00"
2016.03.18,베트남 동화 (VND) (100),5.27,-0.08,"22,272.50"
2016.03.21,베트남 동화 (VND) (100),5.21,-0.06,"22,303.00"
2016.03.22,베트남 동화 (VND) (100),5.23,0.02,"22,287.00"
2016.03.23,베트남 동화 (VND) (100),5.2,-0.03,"22,300.00"
2016.03.24,베트남 동화 (VND) (100),5.18,-0.02,"22,362.50"
2016.03.25,베트남 동화 (VND) (100),5.22,0.04,"22,351.50"
2016.03.28,베트남 동화 (VND) (100),5.24,0.02,"22,302.50"
2016.03.29,베트남 동화 (VND) (100),5.24,0,"22,341.50"
2016.03.30,베트남 동화 (VND) (100),5.21,-0.03,"22,341.50"
2016.03.31,베트남 동화 (VND) (100),5.18,-0.03,"22,264.50"
2016.04.01,베트남 동화 (VND) (100),5.13,-0.05,"22,325.00"
2016.04.04,베트남 동화 (VND) (100),5.15,0.02,"22,329.00"
2016.04.05,베트남 동화 (VND) (100),5.14,-0.01,"22,330.50"
2016.04.06,베트남 동화 (VND) (100),5.17,0.03,"22,331.00"
2016.04.07,베트남 동화 (VND) (100),5.18,0.01,"22,300.00"
2016.04.08,베트남 동화 (VND) (100),5.18,0,"22,295.00"
2016.04.11,베트남 동화 (VND) (100),5.19,0.01,"22,294.50"
2016.04.12,베트남 동화 (VND) (100),5.15,-0.04,"22,295.00"
2016.04.14,베트남 동화 (VND) (100),5.13,-0.02,"22,333.00"
2016.04.15,베트남 동화 (VND) (100),5.16,0.03,"22,340.00"
2016.04.18,베트남 동화 (VND) (100),5.15,-0.01,"22,339.00"
2016.04.19,베트남 동화 (VND) (100),5.15,0,"22,338.00"
2016.04.20,베트남 동화 (VND) (100),5.11,-0.04,"22,334.00"
2016.04.21,베트남 동화 (VND) (100),5.07,-0.04,"22,333.50"
2016.04.22,베트남 동화 (VND) (100),5.08,0.01,"22,330.00"
2016.04.25,베트남 동화 (VND) (100),5.12,0.04,"22,279.00"
2016.04.26,베트남 동화 (VND) (100),5.16,0.04,"22,292.50"
2016.04.27,베트남 동화 (VND) (100),5.16,0,"22,280.00"
2016.04.28,베트남 동화 (VND) (100),5.15,-0.01,"22,269.00"
2016.04.29,베트남 동화 (VND) (100),5.13,-0.02,"22,292.50"
2016.05.02,베트남 동화 (VND) (100),5.11,-0.02,"22,288.00"
2016.05.03,베트남 동화 (VND) (100),5.12,0.01,"22,279.00"
2016.05.04,베트남 동화 (VND) (100),5.1,-0.02,"22,289.50"
2016.05.09,베트남 동화 (VND) (100),5.18,0.08,"22,272.50"
2016.05.10,베트남 동화 (VND) (100),5.23,0.05,"22,280.50"
2016.05.11,베트남 동화 (VND) (100),5.27,0.04,"22,284.00"
2016.05.12,베트남 동화 (VND) (100),5.24,-0.03,"22,276.50"
2016.05.13,베트남 동화 (VND) (100),5.23,-0.01,"22,276.50"
2016.05.16,베트남 동화 (VND) (100),5.24,0.01,"22,317.50"
2016.05.17,베트남 동화 (VND) (100),5.29,0.05,"22,271.00"
2016.05.18,베트남 동화 (VND) (100),5.26,-0.03,"22,291.00"
2016.05.19,베트남 동화 (VND) (100),5.3,0.04,"22,272.00"
2016.05.20,베트남 동화 (VND) (100),5.34,0.04,"22,314.00"
2016.05.23,베트남 동화 (VND) (100),5.32,-0.02,"22,317.50"
2016.05.24,베트남 동화 (VND) (100),5.31,-0.01,"22,301.00"
2016.05.25,베트남 동화 (VND) (100),5.32,0.01,"22,322.50"
2016.05.26,베트남 동화 (VND) (100),5.31,-0.01,"22,332.50"
2016.05.27,베트남 동화 (VND) (100),5.28,-0.03,"22,370.00"
2016.05.30,베트남 동화 (VND) (100),5.27,-0.01,"22,383.00"
2016.05.31,베트남 동화 (VND) (100),5.31,0.04,"22,416.50"
2016.06.01,베트남 동화 (VND) (100),5.32,0.01,"22,382.00"
2016.06.02,베트남 동화 (VND) (100),5.31,-0.01,"22,446.50"
2016.06.03,베트남 동화 (VND) (100),5.31,0,"22,420.00"
2016.06.07,베트남 동화 (VND) (100),5.29,-0.02,"22,416.00"
2016.06.08,베트남 동화 (VND) (100),5.21,-0.08,"22,340.00"
2016.06.09,베트남 동화 (VND) (100),5.18,-0.03,"22,342.00"
2016.06.10,베트남 동화 (VND) (100),5.17,-0.01,"22,335.00"
2016.06.13,베트남 동화 (VND) (100),5.21,0.04,"22,335.00"
2016.06.14,베트남 동화 (VND) (100),5.23,0.02,"22,414.00"
2016.06.15,베트남 동화 (VND) (100),5.23,0,"22,414.00"
2016.06.16,베트남 동화 (VND) (100),5.25,0.02,"22,404.00"
2016.06.17,베트남 동화 (VND) (100),5.25,0,"22,303.00"
2016.06.20,베트남 동화 (VND) (100),5.23,-0.02,"22,404.00"
2016.06.21,베트남 동화 (VND) (100),5.19,-0.04,"22,404.00"
2016.06.22,베트남 동화 (VND) (100),5.17,-0.02,"22,404.00"
2016.06.23,베트남 동화 (VND) (100),5.18,0.01,"22,295.50"
2016.06.24,베트남 동화 (VND) (100),5.16,-0.02,"22,295.50"
2016.06.27,베트남 동화 (VND) (100),5.23,0.07,"22,331.00"
2016.06.28,베트남 동화 (VND) (100),5.3,0.07,"22,344.50"
2016.06.29,베트남 동화 (VND) (100),5.28,-0.02,"22,290.00"
2016.06.30,베트남 동화 (VND) (100),5.22,-0.06,"22,307.00"
2016.07.01,베트남 동화 (VND) (100),5.16,-0.06,"22,322.50"
2016.07.04,베트남 동화 (VND) (100),5.14,-0.02,"22,322.50"
2016.07.05,베트남 동화 (VND) (100),5.15,0.01,"22,307.50"
2016.07.06,베트남 동화 (VND) (100),5.17,0.02,"22,322.50"
2016.07.07,베트남 동화 (VND) (100),5.22,0.05,"22,324.00"
2016.07.08,베트남 동화 (VND) (100),5.18,-0.04,"22,323.00"
2016.07.11,베트남 동화 (VND) (100),5.2,0.02,"22,290.50"
2016.07.12,베트남 동화 (VND) (100),5.15,-0.05,"22,294.50"
2016.07.13,베트남 동화 (VND) (100),5.15,0,"22,295.00"
2016.07.14,베트남 동화 (VND) (100),5.14,-0.01,"22,294.00"
2016.07.15,베트남 동화 (VND) (100),5.12,-0.02,"22,297.00"
2016.07.18,베트남 동화 (VND) (100),5.08,-0.04,"22,314.00"
2016.07.19,베트남 동화 (VND) (100),5.1,0.02,"22,292.00"
2016.07.20,베트남 동화 (VND) (100),5.1,0,"22,300.00"
2016.07.21,베트남 동화 (VND) (100),5.12,0.02,"22,291.00"
2016.07.22,베트남 동화 (VND) (100),5.11,-0.01,"22,297.00"
2016.07.25,베트남 동화 (VND) (100),5.09,-0.02,"22,295.00"
2016.07.26,베트남 동화 (VND) (100),5.1,0.01,"22,297.00"
2016.07.27,베트남 동화 (VND) (100),5.1,0,"22,300.00"
2016.07.28,베트남 동화 (VND) (100),5.08,-0.02,"22,305.00"
2016.07.29,베트남 동화 (VND) (100),5.05,-0.03,"22,296.00"
2016.08.01,베트남 동화 (VND) (100),5.03,-0.02,"22,299.50"
2016.08.02,베트남 동화 (VND) (100),4.98,-0.05,"22,290.50"
2016.08.03,베트남 동화 (VND) (100),4.97,-0.01,"22,308.00"
2016.08.04,베트남 동화 (VND) (100),5,0.03,"22,277.00"
2016.08.05,베트남 동화 (VND) (100),5,0,"22,295.00"
2016.08.08,베트남 동화 (VND) (100),4.99,-0.01,"22,277.00"
2016.08.09,베트남 동화 (VND) (100),4.99,0,"22,291.00"
2016.08.10,베트남 동화 (VND) (100),4.96,-0.03,"22,310.50"
2016.08.11,베트남 동화 (VND) (100),4.91,-0.05,"22,314.00"
2016.08.12,베트남 동화 (VND) (100),4.92,0.01,"22,319.00"
2016.08.16,베트남 동화 (VND) (100),4.93,0.01,"22,321.00"
2016.08.17,베트남 동화 (VND) (100),4.91,-0.02,"22,297.00"
2016.08.18,베트남 동화 (VND) (100),4.94,0.03,"22,299.50"
2016.08.19,베트남 동화 (VND) (100),4.96,0.02,"22,294.50"
2016.08.22,베트남 동화 (VND) (100),5,0.04,"22,293.50"
2016.08.23,베트남 동화 (VND) (100),5.05,0.05,"22,295.50"
2016.08.24,베트남 동화 (VND) (100),5.01,-0.04,"22,311.00"
2016.08.25,베트남 동화 (VND) (100),5.03,0.02,"22,312.50"
2016.08.26,베트남 동화 (VND) (100),5.01,-0.02,"22,316.50"
2016.08.29,베트남 동화 (VND) (100),4.99,-0.02,"22,320.00"
2016.08.30,베트남 동화 (VND) (100),5.04,0.05,"22,304.50"
2016.08.31,베트남 동화 (VND) (100),5.01,-0.03,"22,304.00"
2016.09.01,베트남 동화 (VND) (100),5.01,0,"22,305.00"
2016.09.02,베트남 동화 (VND) (100),5.02,0.01,"22,292.50"
2016.09.05,베트남 동화 (VND) (100),5.02,0,"22,283.50"
2016.09.06,베트남 동화 (VND) (100),4.97,-0.05,"22,301.50"
2016.09.07,베트남 동화 (VND) (100),4.96,-0.01,"22,298.00"
2016.09.08,베트남 동화 (VND) (100),4.9,-0.06,"22,300.50"
2016.09.09,베트남 동화 (VND) (100),4.9,0,"22,294.50"
2016.09.12,베트남 동화 (VND) (100),4.93,0.03,"22,300.50"
2016.09.13,베트남 동화 (VND) (100),4.98,0.05,"22,280.00"
2016.09.19,베트남 동화 (VND) (100),4.98,0,"22,319.00"
2016.09.20,베트남 동화 (VND) (100),5.02,0.04,"22,305.50"
2016.09.21,베트남 동화 (VND) (100),5.02,0,"22,314.00"
2016.09.22,베트남 동화 (VND) (100),5,-0.02,"22,326.00"
2016.09.23,베트남 동화 (VND) (100),4.94,-0.06,"22,320.50"
2016.09.26,베트남 동화 (VND) (100),4.95,0.01,"22,301.50"
2016.09.27,베트남 동화 (VND) (100),4.96,0.01,"22,324.50"
2016.09.28,베트남 동화 (VND) (100),4.94,-0.02,"22,321.00"
2016.09.29,베트남 동화 (VND) (100),4.91,-0.03,"22,303.50"
2016.09.30,베트남 동화 (VND) (100),4.92,0.01,"22,294.00"
2016.10.04,베트남 동화 (VND) (100),4.94,0.02,"22,304.50"
2016.10.05,베트남 동화 (VND) (100),4.96,0.02,"22,299.50"
2016.10.06,베트남 동화 (VND) (100),4.99,0.03,"22,305.00"
2016.10.07,베트남 동화 (VND) (100),4.98,-0.01,"22,297.00"
2016.10.10,베트남 동화 (VND) (100),5,0.02,"22,296.00"
2016.10.11,베트남 동화 (VND) (100),4.98,-0.02,"22,300.00"
2016.10.12,베트남 동화 (VND) (100),5.01,0.03,"22,299.50"
2016.10.13,베트남 동화 (VND) (100),5.04,0.03,"22,295.50"
2016.10.14,베트남 동화 (VND) (100),5.07,0.03,"22,299.00"
2016.10.17,베트남 동화 (VND) (100),5.08,0.01,"22,301.50"
2016.10.18,베트남 동화 (VND) (100),5.11,0.03,"22,309.00"
2016.10.19,베트남 동화 (VND) (100),5.08,-0.03,"22,306.00"
2016.10.20,베트남 동화 (VND) (100),5.03,-0.05,"22,302.00"
2016.10.21,베트남 동화 (VND) (100),5.04,0.01,"22,305.50"
2016.10.24,베트남 동화 (VND) (100),5.08,0.04,"22,314.00"
2016.10.25,베트남 동화 (VND) (100),5.08,0,"22,312.00"
2016.10.26,베트남 동화 (VND) (100),5.09,0.01,"22,327.50"
2016.10.27,베트남 동화 (VND) (100),5.07,-0.02,"22,344.50"
2016.10.28,베트남 동화 (VND) (100),5.1,0.03,"22,335.00"
2016.10.31,베트남 동화 (VND) (100),5.13,0.03,"22,318.50"
2016.11.01,베트남 동화 (VND) (100),5.13,0,"22,315.00"
2016.11.02,베트남 동화 (VND) (100),5.11,-0.02,"22,323.50"
2016.11.03,베트남 동화 (VND) (100),5.15,0.04,"22,316.50"
2016.11.04,베트남 동화 (VND) (100),5.11,-0.04,"22,316.50"
2016.11.07,베트남 동화 (VND) (100),5.12,0.01,"22,316.50"
2016.11.08,베트남 동화 (VND) (100),5.11,-0.01,"22,331.00"
2016.11.09,베트남 동화 (VND) (100),5.09,-0.02,"22,347.00"
2016.11.10,베트남 동화 (VND) (100),5.13,0.04,"22,327.00"
2016.11.11,베트남 동화 (VND) (100),5.16,0.03,"22,319.50"
2016.11.14,베트남 동화 (VND) (100),5.21,0.05,"22,330.00"
2016.11.15,베트남 동화 (VND) (100),5.23,0.02,"22,347.00"
2016.11.16,베트남 동화 (VND) (100),5.23,0,"22,350.50"
2016.11.17,베트남 동화 (VND) (100),5.21,-0.02,"22,395.50"
2016.11.18,베트남 동화 (VND) (100),5.24,0.03,"22,411.50"
2016.11.21,베트남 동화 (VND) (100),5.26,0.02,"22,490.00"
2016.11.22,베트남 동화 (VND) (100),5.25,-0.01,"22,565.00"
2016.11.23,베트남 동화 (VND) (100),5.22,-0.03,"22,529.50"
2016.11.24,베트남 동화 (VND) (100),5.19,-0.03,"22,619.00"
2016.11.25,베트남 동화 (VND) (100),5.19,0,"22,770.00"
2016.11.28,베트남 동화 (VND) (100),5.18,-0.01,"22,748.50"
2016.11.29,베트남 동화 (VND) (100),5.15,-0.03,"22,705.00"
2016.11.30,베트남 동화 (VND) (100),5.15,0,"22,675.00"
2016.12.01,베트남 동화 (VND) (100),5.15,0,"22,660.00"
2016.12.02,베트남 동화 (VND) (100),5.17,0.02,"22,685.00"
2016.12.05,베트남 동화 (VND) (100),5.16,-0.01,"22,695.00"
2016.12.06,베트남 동화 (VND) (100),5.17,0.01,"22,715.00"
2016.12.07,베트남 동화 (VND) (100),5.15,-0.02,"22,725.00"
2016.12.08,베트남 동화 (VND) (100),5.15,0,"22,700.00"
2016.12.09,베트남 동화 (VND) (100),5.12,-0.03,"22,640.00"
2016.12.12,베트남 동화 (VND) (100),5.16,0.04,"22,592.50"
2016.12.13,베트남 동화 (VND) (100),5.17,0.01,"22,622.50"
2016.12.14,베트남 동화 (VND) (100),5.14,-0.03,"22,660.00"
2016.12.15,베트남 동화 (VND) (100),5.14,0,"22,715.00"
2016.12.16,베트남 동화 (VND) (100),5.19,0.05,"22,745.00"
2016.12.19,베트남 동화 (VND) (100),5.2,0.01,"22,750.00"
2016.12.20,베트남 동화 (VND) (100),5.21,0.01,"22,760.00"
2016.12.21,베트남 동화 (VND) (100),5.23,0.02,"22,762.50"
2016.12.22,베트남 동화 (VND) (100),5.25,0.02,"22,767.00"
2016.12.23,베트남 동화 (VND) (100),5.26,0.01,"22,760.00"
2016.12.26,베트남 동화 (VND) (100),5.29,0.03,"22,759.50"
2016.12.27,베트남 동화 (VND) (100),5.27,-0.02,"22,763.00"
2016.12.28,베트남 동화 (VND) (100),5.29,0.02,"22,764.00"
2016.12.29,베트남 동화 (VND) (100),5.3,0.01,"22,771.00"
2016.12.30,베트남 동화 (VND) (100),5.31,0.01,"22,778.00"
2017.01.02,베트남 동화 (VND) (100),5.31,0,"22,771.00"
2017.01.03,베트남 동화 (VND) (100),5.3,-0.01,"22,771.00"
2017.01.04,베트남 동화 (VND) (100),5.3,0,"22,747.50"
2017.01.05,베트남 동화 (VND) (100),5.31,0.01,"22,727.50"
2017.01.06,베트남 동화 (VND) (100),5.25,-0.06,"22,680.00"
2017.01.09,베트남 동화 (VND) (100),5.27,0.02,"22,562.50"
2017.01.10,베트남 동화 (VND) (100),5.34,0.07,"22,582.50"
2017.01.11,베트남 동화 (VND) (100),5.31,-0.03,"22,571.00"
2017.01.12,베트남 동화 (VND) (100),5.3,-0.01,"22,572.00"
2017.01.13,베트남 동화 (VND) (100),5.24,-0.06,"22,571.00"
2017.01.16,베트남 동화 (VND) (100),5.22,-0.02,"22,570.00"
2017.01.17,베트남 동화 (VND) (100),5.23,0.01,"22,571.00"
2017.01.18,베트남 동화 (VND) (100),5.23,0,"22,571.00"
2017.01.19,베트남 동화 (VND) (100),5.16,-0.07,"22,573.00"
2017.01.20,베트남 동화 (VND) (100),5.22,0.06,"22,565.00"
2017.01.23,베트남 동화 (VND) (100),5.19,-0.03,"22,571.00"
2017.01.24,베트남 동화 (VND) (100),5.17,-0.02,"22,552.50"
2017.01.25,베트남 동화 (VND) (100),5.15,-0.02,"22,575.00"
2017.01.26,베트남 동화 (VND) (100),5.16,0.01,"22,592.50"
2017.01.31,베트남 동화 (VND) (100),5.12,-0.04,"22,592.50"
2017.02.01,베트남 동화 (VND) (100),5.16,0.04,"22,592.50"
2017.02.02,베트남 동화 (VND) (100),5.11,-0.05,"22,592.50"
2017.02.03,베트남 동화 (VND) (100),5.08,-0.03,"22,642.50"
2017.02.06,베트남 동화 (VND) (100),5.07,-0.01,"22,625.00"
2017.02.07,베트남 동화 (VND) (100),5.04,-0.03,"22,590.00"
2017.02.08,베트남 동화 (VND) (100),5.05,0.01,"22,610.00"
2017.02.09,베트남 동화 (VND) (100),5.06,0.01,"22,655.00"
2017.02.10,베트남 동화 (VND) (100),5.05,-0.01,"22,670.00"
2017.02.13,베트남 동화 (VND) (100),5.08,0.03,"22,645.00"
2017.02.14,베트남 동화 (VND) (100),5.08,0,"22,675.00"
2017.02.15,베트남 동화 (VND) (100),5.03,-0.05,"22,745.00"
2017.02.16,베트남 동화 (VND) (100),5.01,-0.02,"22,780.00"
2017.02.17,베트남 동화 (VND) (100),5,-0.01,"22,762.50"
2017.02.20,베트남 동화 (VND) (100),5.02,0.02,"22,795.00"
2017.02.21,베트남 동화 (VND) (100),5.03,0.01,"22,815.50"
2017.02.22,베트남 동화 (VND) (100),5.02,-0.01,"22,832.50"
2017.02.23,베트남 동화 (VND) (100),5,-0.02,"22,832.50"
2017.02.24,베트남 동화 (VND) (100),4.99,-0.01,"22,830.00"
2017.02.27,베트남 동화 (VND) (100),4.96,-0.03,"22,816.00"
2017.02.28,베트남 동화 (VND) (100),4.97,0.01,"22,782.00"
2017.03.02,베트남 동화 (VND) (100),4.97,0,"22,800.00"
2017.03.03,베트남 동화 (VND) (100),5,0.03,"22,820.00"
2017.03.06,베트남 동화 (VND) (100),5.05,0.05,"22,842.50"
2017.03.07,베트남 동화 (VND) (100),5.07,0.02,"22,805.00"
2017.03.08,베트남 동화 (VND) (100),5.05,-0.02,"22,805.00"
2017.03.09,베트남 동화 (VND) (100),5.03,-0.02,"22,800.00"
2017.03.10,베트남 동화 (VND) (100),5.07,0.04,"22,802.50"
2017.03.13,베트남 동화 (VND) (100),5.08,0.01,"22,800.00"
2017.03.14,베트남 동화 (VND) (100),5.03,-0.05,"22,805.00"
2017.03.15,베트남 동화 (VND) (100),5.03,0,"22,805.00"
2017.03.16,베트남 동화 (VND) (100),5.02,-0.01,"22,827.50"
2017.03.17,베트남 동화 (VND) (100),4.97,-0.05,"22,780.00"
2017.03.20,베트남 동화 (VND) (100),4.97,0,"22,783.50"
2017.03.21,베트남 동화 (VND) (100),4.93,-0.04,"22,792.50"
2017.03.22,베트남 동화 (VND) (100),4.91,-0.02,"22,782.50"
2017.03.23,베트남 동화 (VND) (100),4.93,0.02,"22,774.00"
2017.03.24,베트남 동화 (VND) (100),4.91,-0.02,"22,795.00"
2017.03.27,베트남 동화 (VND) (100),4.93,0.02,"22,787.50"
2017.03.28,베트남 동화 (VND) (100),4.89,-0.04,"22,774.00"
2017.03.29,베트남 동화 (VND) (100),4.88,-0.01,"22,775.00"
2017.03.30,베트남 동화 (VND) (100),4.89,0.01,"22,774.00"
2017.03.31,베트남 동화 (VND) (100),4.9,0.01,"22,770.00"
2017.04.03,베트남 동화 (VND) (100),4.92,0.02,"22,755.00"
2017.04.04,베트남 동화 (VND) (100),4.9,-0.02,"22,735.00"
2017.04.05,베트남 동화 (VND) (100),4.93,0.03,"22,695.00"
2017.04.06,베트남 동화 (VND) (100),4.95,0.02,"22,690.00"
2017.04.07,베트남 동화 (VND) (100),4.98,0.03,"22,690.00"
2017.04.10,베트남 동화 (VND) (100),5,0.02,"22,680.00"
2017.04.11,베트남 동화 (VND) (100),5.03,0.03,"22,685.00"
2017.04.12,베트남 동화 (VND) (100),5.06,0.03,"22,655.00"
2017.04.13,베트남 동화 (VND) (100),5.05,-0.01,"22,672.50"
2017.04.14,베트남 동화 (VND) (100),4.99,-0.06,"22,680.00"
2017.04.17,베트남 동화 (VND) (100),5,0.01,"22,787.50"
2017.04.18,베트남 동화 (VND) (100),5,0,"22,725.00"
2017.04.19,베트남 동화 (VND) (100),5.01,0.01,"22,715.00"
2017.04.20,베트남 동화 (VND) (100),5.01,0,"22,739.00"
2017.04.21,베트남 동화 (VND) (100),5.02,0.01,"22,730.00"
2017.04.24,베트남 동화 (VND) (100),5,-0.02,"22,722.50"
2017.04.25,베트남 동화 (VND) (100),4.98,-0.02,"22,720.00"
2017.04.26,베트남 동화 (VND) (100),4.97,-0.01,"22,765.00"
2017.04.27,베트남 동화 (VND) (100),4.95,-0.02,"22,741.50"
2017.04.28,베트남 동화 (VND) (100),4.97,0.02,"22,732.00"
2017.05.02,베트남 동화 (VND) (100),4.98,0.01,"22,750.00"
2017.05.04,베트남 동화 (VND) (100),4.97,-0.01,"22,742.50"
2017.05.08,베트남 동화 (VND) (100),4.98,0.01,"22,732.50"
2017.05.10,베트남 동화 (VND) (100),4.98,0,"22,732.50"
2017.05.11,베트남 동화 (VND) (100),4.99,0.01,"22,740.00"
2017.05.12,베트남 동화 (VND) (100),4.97,-0.02,"22,724.50"
2017.05.15,베트남 동화 (VND) (100),4.97,0,"22,691.00"
2017.05.16,베트남 동화 (VND) (100),4.96,-0.01,"22,681.00"
2017.05.17,베트남 동화 (VND) (100),4.93,-0.03,"22,650.00"
2017.05.18,베트남 동화 (VND) (100),4.93,0,"22,675.00"
2017.05.19,베트남 동화 (VND) (100),4.96,0.03,"22,700.00"
2017.05.22,베트남 동화 (VND) (100),4.98,0.02,"22,650.00"
2017.05.23,베트남 동화 (VND) (100),4.92,-0.06,"22,712.50"
2017.05.24,베트남 동화 (VND) (100),4.94,0.02,"22,700.00"
2017.05.25,베트남 동화 (VND) (100),4.97,0.03,"22,662.50"
2017.05.26,베트남 동화 (VND) (100),4.93,-0.04,"22,675.00"
2017.05.29,베트남 동화 (VND) (100),4.93,0,"22,725.00"
2017.05.30,베트남 동화 (VND) (100),4.93,0,"22,741.00"
2017.05.31,베트남 동화 (VND) (100),4.95,0.02,"22,725.00"
2017.06.01,베트남 동화 (VND) (100),4.94,-0.01,"22,715.00"
2017.06.02,베트남 동화 (VND) (100),4.93,-0.01,"22,710.00"
2017.06.05,베트남 동화 (VND) (100),4.93,0,"22,715.00"
2017.06.07,베트남 동화 (VND) (100),4.92,-0.01,"22,725.00"
2017.06.08,베트남 동화 (VND) (100),4.94,0.02,"22,725.00"
2017.06.09,베트남 동화 (VND) (100),4.96,0.02,"22,690.00"
2017.06.12,베트남 동화 (VND) (100),4.94,-0.02,"22,687.50"
2017.06.13,베트남 동화 (VND) (100),4.96,0.02,"22,692.50"
2017.06.14,베트남 동화 (VND) (100),4.97,0.01,"22,695.00"
2017.06.15,베트남 동화 (VND) (100),4.96,-0.01,"22,705.00"
2017.06.16,베트남 동화 (VND) (100),4.95,-0.01,"22,690.00"
2017.06.19,베트남 동화 (VND) (100),4.99,0.04,"22,690.00"
2017.06.20,베트남 동화 (VND) (100),4.98,-0.01,"22,715.00"
2017.06.21,베트남 동화 (VND) (100),5,0.02,"22,725.00"
2017.06.22,베트남 동화 (VND) (100),5.03,0.03,"22,700.00"
2017.06.23,베트남 동화 (VND) (100),5.02,-0.01,"22,710.00"
2017.06.26,베트남 동화 (VND) (100),5.02,0,"22,725.00"
2017.06.27,베트남 동화 (VND) (100),5,-0.02,"22,725.00"
2017.06.28,베트남 동화 (VND) (100),5,0,"22,725.00"
2017.06.29,베트남 동화 (VND) (100),5.02,0.02,"22,740.00"
2017.06.30,베트남 동화 (VND) (100),5.01,-0.01,"22,732.50"
2017.07.03,베트남 동화 (VND) (100),5.03,0.02,"22,725.00"
2017.07.04,베트남 동화 (VND) (100),5.04,0.01,"22,735.50"
2017.07.05,베트남 동화 (VND) (100),5.05,0.01,"22,736.50"
2017.07.06,베트남 동화 (VND) (100),5.05,0,"22,740.00"
2017.07.07,베트남 동화 (VND) (100),5.07,0.02,"22,735.00"
2017.07.10,베트남 동화 (VND) (100),5.09,0.02,"22,725.00"
2017.07.11,베트남 동화 (VND) (100),5.06,-0.03,"22,725.00"
2017.07.12,베트남 동화 (VND) (100),5.06,0,"22,725.00"
2017.07.13,베트남 동화 (VND) (100),5.04,-0.02,"22,730.00"
2017.07.14,베트남 동화 (VND) (100),5.01,-0.03,"22,725.00"
2017.07.17,베트남 동화 (VND) (100),5,-0.01,"22,725.00"
2017.07.18,베트남 동화 (VND) (100),4.96,-0.04,"22,730.00"
2017.07.19,베트남 동화 (VND) (100),4.96,0,"22,730.00"
2017.07.20,베트남 동화 (VND) (100),4.93,-0.03,"22,735.00"
2017.07.21,베트남 동화 (VND) (100),4.95,0.02,"22,735.00"
2017.07.24,베트남 동화 (VND) (100),4.93,-0.02,"22,725.00"
2017.07.25,베트남 동화 (VND) (100),4.91,-0.02,"22,725.00"
2017.07.26,베트남 동화 (VND) (100),4.91,0,"22,732.50"
2017.07.27,베트남 동화 (VND) (100),4.93,0.02,"22,727.50"
2017.07.28,베트남 동화 (VND) (100),4.9,-0.03,"22,725.00"
2017.07.31,베트남 동화 (VND) (100),4.92,0.02,"22,728.50"
2017.08.01,베트남 동화 (VND) (100),4.94,0.02,"22,726.50"
2017.08.02,베트남 동화 (VND) (100),4.92,-0.02,"22,725.00"
2017.08.03,베트남 동화 (VND) (100),4.94,0.02,"22,725.00"
2017.08.04,베트남 동화 (VND) (100),4.96,0.02,"22,732.50"
2017.08.07,베트남 동화 (VND) (100),4.95,-0.01,"22,735.00"
2017.08.08,베트남 동화 (VND) (100),4.96,0.01,"22,735.00"
2017.08.09,베트남 동화 (VND) (100),4.95,-0.01,"22,735.00"
2017.08.10,베트남 동화 (VND) (100),4.99,0.04,"22,729.50"
2017.08.11,베트남 동화 (VND) (100),5.02,0.03,"22,735.00"
2017.08.14,베트남 동화 (VND) (100),5.04,0.02,"22,727.50"
2017.08.16,베트남 동화 (VND) (100),5.01,-0.03,"22,727.50"
2017.08.17,베트남 동화 (VND) (100),5.01,0,"22,727.50"
2017.08.18,베트남 동화 (VND) (100),5,-0.01,"22,728.50"
2017.08.21,베트남 동화 (VND) (100),5.02,0.02,"22,728.50"
2017.08.22,베트남 동화 (VND) (100),5.01,-0.01,"22,727.50"
2017.08.23,베트남 동화 (VND) (100),5,-0.01,"22,728.50"
2017.08.24,베트남 동화 (VND) (100),4.98,-0.02,"22,730.00"
2017.08.25,베트남 동화 (VND) (100),4.96,-0.02,"22,735.00"
2017.08.28,베트남 동화 (VND) (100),4.97,0.01,"22,732.50"
2017.08.29,베트남 동화 (VND) (100),4.93,-0.04,"22,735.00"
2017.08.30,베트남 동화 (VND) (100),4.95,0.02,"22,737.50"
2017.08.31,베트남 동화 (VND) (100),4.94,-0.01,"22,732.50"
2017.09.01,베트남 동화 (VND) (100),4.95,0.01,"22,727.50"
2017.09.04,베트남 동화 (VND) (100),4.94,-0.01,"22,730.00"
2017.09.05,베트남 동화 (VND) (100),4.98,0.04,"22,730.00"
2017.09.06,베트남 동화 (VND) (100),4.98,0,"22,730.00"
2017.09.07,베트남 동화 (VND) (100),4.99,0.01,"22,725.00"
2017.09.08,베트남 동화 (VND) (100),4.97,-0.02,"22,725.00"
2017.09.11,베트남 동화 (VND) (100),4.96,-0.01,"22,726.00"
2017.09.12,베트남 동화 (VND) (100),4.97,0.01,"22,720.00"
2017.09.13,베트남 동화 (VND) (100),4.97,0,"22,725.00"
2017.09.14,베트남 동화 (VND) (100),4.96,-0.01,"22,725.00"
2017.09.15,베트남 동화 (VND) (100),4.98,0.02,"22,725.00"
2017.09.18,베트남 동화 (VND) (100),4.99,0.01,"22,725.00"
2017.09.19,베트남 동화 (VND) (100),4.96,-0.03,"22,725.00"
2017.09.20,베트남 동화 (VND) (100),4.97,0.01,"22,725.00"
2017.09.21,베트남 동화 (VND) (100),4.97,0,"22,725.00"
2017.09.22,베트남 동화 (VND) (100),4.98,0.01,"22,730.00"
2017.09.25,베트남 동화 (VND) (100),5,0.02,"22,725.00"
2017.09.26,베트남 동화 (VND) (100),4.97,-0.03,"22,735.00"
2017.09.27,베트남 동화 (VND) (100),5,0.03,"22,730.00"
2017.09.28,베트남 동화 (VND) (100),5.01,0.01,"22,730.00"
2017.09.29,베트남 동화 (VND) (100),5.05,0.04,"22,725.00"
2017.10.10,베트남 동화 (VND) (100),5.04,-0.01,"22,725.50"
2017.10.11,베트남 동화 (VND) (100),5.01,-0.03,"22,730.00"
2017.10.12,베트남 동화 (VND) (100),5,-0.01,"22,719.00"
2017.10.13,베트남 동화 (VND) (100),4.99,-0.01,"22,720.00"
2017.10.16,베트남 동화 (VND) (100),4.98,-0.01,"22,720.00"
2017.10.17,베트남 동화 (VND) (100),4.96,-0.02,"22,717.50"
2017.10.18,베트남 동화 (VND) (100),4.98,0.02,"22,718.50"
2017.10.19,베트남 동화 (VND) (100),4.98,0,"22,719.50"
2017.10.20,베트남 동화 (VND) (100),4.98,0,"22,722.50"
2017.10.23,베트남 동화 (VND) (100),4.98,0,"22,718.50"
2017.10.24,베트남 동화 (VND) (100),4.98,0,"22,723.50"
2017.10.25,베트남 동화 (VND) (100),4.97,-0.01,"22,719.50"
2017.10.26,베트남 동화 (VND) (100),4.97,0,"22,725.00"
2017.10.27,베트남 동화 (VND) (100),4.95,-0.02,"22,725.00"
2017.10.30,베트남 동화 (VND) (100),4.98,0.03,"22,710.00"
2017.10.31,베트남 동화 (VND) (100),4.95,-0.03,"22,710.00"
2017.11.01,베트남 동화 (VND) (100),4.94,-0.01,"22,710.00"
2017.11.02,베트남 동화 (VND) (100),4.92,-0.02,"22,713.50"
2017.11.03,베트남 동화 (VND) (100),4.9,-0.02,"22,712.50"
2017.11.06,베트남 동화 (VND) (100),4.9,0,"22,712.50"
2017.11.07,베트남 동화 (VND) (100),4.92,0.02,"22,715.00"
2017.11.08,베트남 동화 (VND) (100),4.89,-0.03,"22,713.50"
2017.11.09,베트남 동화 (VND) (100),4.91,0.02,"22,707.50"
2017.11.10,베트남 동화 (VND) (100),4.91,0,"22,712.50"
2017.11.13,베트남 동화 (VND) (100),4.92,0.01,"22,712.00"
2017.11.14,베트남 동화 (VND) (100),4.94,0.02,"22,707.50"
2017.11.15,베트남 동화 (VND) (100),4.92,-0.02,"22,715.00"
2017.11.16,베트남 동화 (VND) (100),4.91,-0.01,"22,711.00"
2017.11.17,베트남 동화 (VND) (100),4.86,-0.05,"22,711.00"
2017.11.20,베트남 동화 (VND) (100),4.83,-0.03,"22,710.00"
2017.11.21,베트남 동화 (VND) (100),4.84,0.01,"22,710.00"
2017.11.22,베트남 동화 (VND) (100),4.83,-0.01,"22,710.00"
2017.11.23,베트남 동화 (VND) (100),4.8,-0.03,"22,722.50"
2017.11.24,베트남 동화 (VND) (100),4.79,-0.01,"22,727.50"
2017.11.27,베트남 동화 (VND) (100),4.77,-0.02,"22,725.00"
2017.11.28,베트남 동화 (VND) (100),4.79,0.02,"22,720.00"
2017.11.29,베트남 동화 (VND) (100),4.79,0,"22,715.00"
2017.11.30,베트남 동화 (VND) (100),4.76,-0.03,"22,720.00"
2017.12.01,베트남 동화 (VND) (100),4.78,0.02,"22,717.50"
2017.12.04,베트남 동화 (VND) (100),4.79,0.01,"22,712.50"
2017.12.05,베트남 동화 (VND) (100),4.79,0,"22,712.50"
2017.12.06,베트남 동화 (VND) (100),4.77,-0.02,"22,715.00"
2017.12.07,베트남 동화 (VND) (100),4.81,0.04,"22,715.00"
2017.12.08,베트남 동화 (VND) (100),4.81,0,"22,713.50"
2017.12.11,베트남 동화 (VND) (100),4.81,0,"22,710.50"
2017.12.12,베트남 동화 (VND) (100),4.81,0,"22,710.00"
2017.12.13,베트남 동화 (VND) (100),4.8,-0.01,"22,713.50"
2017.12.14,베트남 동화 (VND) (100),4.81,0.01,"22,713.50"
2017.12.15,베트남 동화 (VND) (100),4.78,-0.03,"22,715.00"
2017.12.18,베트남 동화 (VND) (100),4.8,0.02,"22,712.50"
2017.12.19,베트남 동화 (VND) (100),4.79,-0.01,"22,714.50"
2017.12.20,베트남 동화 (VND) (100),4.78,-0.01,"22,713.50"
2017.12.21,베트남 동화 (VND) (100),4.77,-0.01,"22,712.50"
2017.12.22,베트남 동화 (VND) (100),4.76,-0.01,"22,715.00"
2017.12.26,베트남 동화 (VND) (100),4.75,-0.01,"22,711.00"
2017.12.27,베트남 동화 (VND) (100),4.74,-0.01,"22,702.50"
2017.12.28,베트남 동화 (VND) (100),4.73,-0.01,"22,710.50"
2017.12.29,베트남 동화 (VND) (100),4.72,-0.01,"22,710.50"
2018.01.02,베트남 동화 (VND) (100),4.72,0,"22,710.00"
2018.01.03,베트남 동화 (VND) (100),4.69,-0.03,"22,710.00"
2018.01.04,베트남 동화 (VND) (100),4.69,0,"22,708.50"
2018.01.05,베트남 동화 (VND) (100),4.69,0,"22,710.25"
2018.01.08,베트남 동화 (VND) (100),4.68,-0.01,"22,710.00"
2018.01.09,베트남 동화 (VND) (100),4.69,0.01,"22,712.50"
2018.01.10,베트남 동화 (VND) (100),4.7,0.01,"22,709.50"
2018.01.11,베트남 동화 (VND) (100),4.71,0.01,"22,713.50"
2018.01.12,베트남 동화 (VND) (100),4.72,0.01,"22,707.50"
2018.01.15,베트남 동화 (VND) (100),4.69,-0.03,"22,709.50"
2018.01.16,베트남 동화 (VND) (100),4.67,-0.02,"22,709.50"
2018.01.17,베트남 동화 (VND) (100),4.69,0.02,"22,710.50"
2018.01.18,베트남 동화 (VND) (100),4.69,0,"22,712.50"
2018.01.19,베트남 동화 (VND) (100),4.71,0.02,"22,713.50"
2018.01.22,베트남 동화 (VND) (100),4.7,-0.01,"22,712.50"
2018.01.23,베트남 동화 (VND) (100),4.71,0.01,"22,711.00"
2018.01.24,베트남 동화 (VND) (100),4.71,0,"22,710.50"
2018.01.25,베트남 동화 (VND) (100),4.71,0,"22,710.50"
2018.01.26,베트남 동화 (VND) (100),4.67,-0.04,"22,713.50"
2018.01.29,베트남 동화 (VND) (100),4.69,0.02,"22,710.50"
2018.01.30,베트남 동화 (VND) (100),4.69,0,"22,711.00"
2018.01.31,베트남 동화 (VND) (100),4.72,0.03,"22,710.00"
2018.02.01,베트남 동화 (VND) (100),4.72,0,"22,710.00"
2018.02.02,베트남 동화 (VND) (100),4.72,0,"22,709.50"
2018.02.05,베트남 동화 (VND) (100),4.74,0.02,"22,709.50"
2018.02.06,베트남 동화 (VND) (100),4.8,0.06,"22,707.50"
2018.02.07,베트남 동화 (VND) (100),4.82,0.02,"22,710.00"
2018.02.08,베트남 동화 (VND) (100),4.77,-0.05,"22,703.50"
2018.02.09,베트남 동화 (VND) (100),4.79,0.02,"22,699.00"
2018.02.12,베트남 동화 (VND) (100),4.81,0.02,"22,705.00"
2018.02.13,베트남 동화 (VND) (100),4.77,-0.04,"22,704.50"
2018.02.14,베트남 동화 (VND) (100),4.77,0,"22,712.50"
2018.02.19,베트남 동화 (VND) (100),4.76,-0.01,"22,707.50"
2018.02.20,베트남 동화 (VND) (100),4.7,-0.06,"22,707.50"
2018.02.21,베트남 동화 (VND) (100),4.71,0.01,"22,700.00"
2018.02.22,베트남 동화 (VND) (100),4.73,0.02,"22,717.50"
2018.02.23,베트남 동화 (VND) (100),4.77,0.04,"22,722.50"
2018.02.26,베트남 동화 (VND) (100),4.74,-0.03,"22,740.50"
2018.02.27,베트남 동화 (VND) (100),4.72,-0.02,"22,742.00"
2018.02.28,베트남 동화 (VND) (100),4.71,-0.01,"22,750.50"
2018.03.02,베트남 동화 (VND) (100),4.76,0.05,"22,750.50"
2018.03.05,베트남 동화 (VND) (100),4.75,-0.01,"22,761.00"
2018.03.06,베트남 동화 (VND) (100),4.75,0,"22,766.50"
2018.03.07,베트남 동화 (VND) (100),4.72,-0.03,"22,769.50"
2018.03.08,베트남 동화 (VND) (100),4.7,-0.02,"22,759.50"
2018.03.09,베트남 동화 (VND) (100),4.69,-0.01,"22,757.00"
2018.03.12,베트남 동화 (VND) (100),4.7,0.01,"22,761.00"
2018.03.13,베트남 동화 (VND) (100),4.68,-0.02,"22,758.50"
2018.03.14,베트남 동화 (VND) (100),4.68,0,"22,762.50"
2018.03.15,베트남 동화 (VND) (100),4.68,0,"22,766.50"
2018.03.16,베트남 동화 (VND) (100),4.68,0,"22,767.50"
2018.03.19,베트남 동화 (VND) (100),4.7,0.02,"22,764.50"
2018.03.20,베트남 동화 (VND) (100),4.71,0.01,"22,767.00"
2018.03.21,베트남 동화 (VND) (100),4.7,-0.01,"22,774.50"
2018.03.22,베트남 동화 (VND) (100),4.7,0,"22,774.00"
2018.03.23,베트남 동화 (VND) (100),4.69,-0.01,"22,795.00"
2018.03.26,베트남 동화 (VND) (100),4.74,0.05,"22,803.00"
2018.03.27,베트남 동화 (VND) (100),4.74,0,"22,811.00"
2018.03.28,베트남 동화 (VND) (100),4.7,-0.04,"22,815.50"
2018.03.29,베트남 동화 (VND) (100),4.69,-0.01,"22,819.00"
2018.03.30,베트남 동화 (VND) (100),4.68,-0.01,"22,809.50"
2018.04.02,베트남 동화 (VND) (100),4.67,-0.01,"22,794.00"
2018.04.03,베트남 동화 (VND) (100),4.64,-0.03,"22,792.50"
2018.04.04,베트남 동화 (VND) (100),4.64,0,"22,810.00"
2018.04.05,베트남 동화 (VND) (100),4.64,0,"22,815.50"
2018.04.06,베트남 동화 (VND) (100),4.64,0,"22,814.00"
2018.04.09,베트남 동화 (VND) (100),4.67,0.03,"22,802.50"
2018.04.10,베트남 동화 (VND) (100),4.68,0.01,"22,792.50"
2018.04.11,베트남 동화 (VND) (100),4.68,0,"22,792.50"
2018.04.12,베트남 동화 (VND) (100),4.68,0,"22,790.50"
2018.04.13,베트남 동화 (VND) (100),4.69,0.01,"22,788.50"
2018.04.16,베트남 동화 (VND) (100),4.7,0.01,"22,786.50"
2018.04.17,베트남 동화 (VND) (100),4.71,0.01,"22,777.50"
2018.04.18,베트남 동화 (VND) (100),4.69,-0.02,"22,772.50"
2018.04.19,베트남 동화 (VND) (100),4.68,-0.01,"22,774.00"
2018.04.20,베트남 동화 (VND) (100),4.67,-0.01,"22,779.00"
2018.04.23,베트남 동화 (VND) (100),4.69,0.02,"22,772.00"
2018.04.24,베트남 동화 (VND) (100),4.69,0,"22,771.50"
2018.04.25,베트남 동화 (VND) (100),4.73,0.04,"22,769.00"
2018.04.26,베트남 동화 (VND) (100),4.74,0.01,"22,769.00"
2018.04.27,베트남 동화 (VND) (100),4.74,0,"22,767.00"
2018.04.30,베트남 동화 (VND) (100),4.73,-0.01,"22,763.50"
2018.05.02,베트남 동화 (VND) (100),4.69,-0.04,"22,763.50"
2018.05.03,베트남 동화 (VND) (100),4.72,0.03,"22,761.00"
2018.05.04,베트남 동화 (VND) (100),4.73,0.01,"22,762.50"
2018.05.08,베트남 동화 (VND) (100),4.73,0,"22,768.50"
2018.05.09,베트남 동화 (VND) (100),4.73,0,"22,772.50"
2018.05.10,베트남 동화 (VND) (100),4.75,0.02,"22,777.00"
2018.05.11,베트남 동화 (VND) (100),4.72,-0.03,"22,770.00"
2018.05.14,베트남 동화 (VND) (100),4.69,-0.03,"22,770.00"
2018.05.15,베트남 동화 (VND) (100),4.68,-0.01,"22,767.50"
2018.05.16,베트남 동화 (VND) (100),4.71,0.03,"22,770.50"
2018.05.17,베트남 동화 (VND) (100),4.74,0.03,"22,772.50"
2018.05.18,베트남 동화 (VND) (100),4.74,0,"22,775.00"
2018.05.21,베트남 동화 (VND) (100),4.74,0,"22,785.50"
2018.05.23,베트남 동화 (VND) (100),4.76,0.02,"22,769.50"
2018.05.24,베트남 동화 (VND) (100),4.74,-0.02,"22,774.00"
2018.05.25,베트남 동화 (VND) (100),4.74,0,"22,778.00"
2018.05.28,베트남 동화 (VND) (100),4.74,0,"22,770.00"
2018.05.29,베트남 동화 (VND) (100),4.7,-0.04,"22,814.50"
2018.05.30,베트남 동화 (VND) (100),4.71,0.01,"22,837.50"
2018.05.31,베트남 동화 (VND) (100),4.73,0.02,"22,855.00"
2018.06.01,베트남 동화 (VND) (100),4.72,-0.01,"22,806.00"
2018.06.04,베트남 동화 (VND) (100),4.72,0,"22,797.00"
2018.06.05,베트남 동화 (VND) (100),4.69,-0.03,"22,827.00"
2018.06.07,베트남 동화 (VND) (100),4.69,0,"22,806.00"
2018.06.08,베트남 동화 (VND) (100),4.68,-0.01,"22,802.00"
2018.06.11,베트남 동화 (VND) (100),4.71,0.03,"22,793.00"
2018.06.12,베트남 동화 (VND) (100),4.71,0,"22,815.50"
2018.06.14,베트남 동화 (VND) (100),4.71,0,"22,812.50"
2018.06.15,베트남 동화 (VND) (100),4.75,0.04,"22,813.00"
2018.06.18,베트남 동화 (VND) (100),4.78,0.03,"22,816.00"
2018.06.19,베트남 동화 (VND) (100),4.84,0.06,"22,836.00"
2018.06.20,베트남 동화 (VND) (100),4.84,0,"22,853.50"
2018.06.21,베트남 동화 (VND) (100),4.85,0.01,"22,867.50"
2018.06.22,베트남 동화 (VND) (100),4.85,0,"22,877.00"
2018.06.25,베트남 동화 (VND) (100),4.84,-0.01,"22,892.50"
2018.06.26,베트남 동화 (VND) (100),4.87,0.03,"22,897.50"
2018.06.27,베트남 동화 (VND) (100),4.87,0,"22,921.00"
2018.06.28,베트남 동화 (VND) (100),4.87,0,"22,937.50"
2018.06.29,베트남 동화 (VND) (100),4.89,0.02,"22,937.50"
2018.07.02,베트남 동화 (VND) (100),4.87,-0.02,"22,958.50"
2018.07.03,베트남 동화 (VND) (100),4.87,0,"22,954.50"
2018.07.04,베트남 동화 (VND) (100),4.86,-0.01,"23,046.00"
2018.07.05,베트남 동화 (VND) (100),4.84,-0.02,"23,039.00"
2018.07.06,베트남 동화 (VND) (100),4.85,0.01,"23,041.50"
2018.07.09,베트남 동화 (VND) (100),4.85,0,"23,036.50"
2018.07.10,베트남 동화 (VND) (100),4.83,-0.02,"23,039.00"
2018.07.11,베트남 동화 (VND) (100),4.83,0,"23,039.50"
2018.07.12,베트남 동화 (VND) (100),4.86,0.03,"23,044.00"
2018.07.13,베트남 동화 (VND) (100),4.89,0.03,"23,048.00"
2018.07.16,베트남 동화 (VND) (100),4.87,-0.02,"23,051.00"
2018.07.17,베트남 동화 (VND) (100),4.9,0.03,"23,050.50"
2018.07.18,베트남 동화 (VND) (100),4.88,-0.02,"23,051.00"
2018.07.19,베트남 동화 (VND) (100),4.9,0.02,"23,049.50"
2018.07.20,베트남 동화 (VND) (100),4.91,0.01,"23,052.00"
2018.07.23,베트남 동화 (VND) (100),4.92,0.01,"23,054.00"
2018.07.24,베트남 동화 (VND) (100),4.86,-0.06,"23,225.00"
2018.07.25,베트남 동화 (VND) (100),4.88,0.02,"23,251.00"
2018.07.26,베트남 동화 (VND) (100),4.86,-0.02,"23,217.50"
2018.07.27,베트남 동화 (VND) (100),4.83,-0.03,"23,180.00"
2018.07.30,베트남 동화 (VND) (100),4.82,-0.01,"23,232.50"
2018.07.31,베트남 동화 (VND) (100),4.8,-0.02,"23,257.50"
2018.08.01,베트남 동화 (VND) (100),4.8,0,"23,283.00"
2018.08.02,베트남 동화 (VND) (100),4.81,0.01,"23,291.50"
2018.08.03,베트남 동화 (VND) (100),4.82,0.01,"23,282.50"
2018.08.06,베트남 동화 (VND) (100),4.84,0.02,"23,306.00"
2018.08.07,베트남 동화 (VND) (100),4.82,-0.02,"23,307.50"
2018.08.08,베트남 동화 (VND) (100),4.83,0.01,"23,303.00"
2018.08.09,베트남 동화 (VND) (100),4.81,-0.02,"23,284.00"
2018.08.10,베트남 동화 (VND) (100),4.8,-0.01,"23,277.50"
2018.08.13,베트남 동화 (VND) (100),4.84,0.04,"23,277.00"
2018.08.14,베트남 동화 (VND) (100),4.86,0.02,"23,315.00"
2018.08.16,베트남 동화 (VND) (100),4.86,0,"23,312.50"
2018.08.17,베트남 동화 (VND) (100),4.85,-0.01,"23,313.00"
2018.08.20,베트남 동화 (VND) (100),4.83,-0.02,"23,294.00"
2018.08.21,베트남 동화 (VND) (100),4.82,-0.01,"23,273.00"
2018.08.22,베트남 동화 (VND) (100),4.81,-0.01,"23,269.00"
2018.08.23,베트남 동화 (VND) (100),4.81,0,"23,275.00"
2018.08.24,베트남 동화 (VND) (100),4.81,0,"23,282.00"
2018.08.27,베트남 동화 (VND) (100),4.81,0,"23,302.50"
2018.08.28,베트남 동화 (VND) (100),4.78,-0.03,"23,294.00"
2018.08.29,베트남 동화 (VND) (100),4.76,-0.02,"23,296.50"
2018.08.30,베트남 동화 (VND) (100),4.76,0,"23,301.00"
2018.08.31,베트남 동화 (VND) (100),4.76,0,"23,303.00"
2018.09.03,베트남 동화 (VND) (100),4.78,0.02,"23,304.00"
2018.09.04,베트남 동화 (VND) (100),4.78,0,"23,304.00"
2018.09.05,베트남 동화 (VND) (100),4.78,0,"23,313.00"
2018.09.06,베트남 동화 (VND) (100),4.79,0.01,"23,314.00"
2018.09.07,베트남 동화 (VND) (100),4.81,0.02,"23,314.50"
2018.09.10,베트남 동화 (VND) (100),4.82,0.01,"23,303.00"
2018.09.11,베트남 동화 (VND) (100),4.84,0.02,"23,303.00"
2018.09.12,베트남 동화 (VND) (100),4.84,0,"23,285.50"
2018.09.13,베트남 동화 (VND) (100),4.84,0,"23,281.00"
2018.09.14,베트남 동화 (VND) (100),4.82,-0.02,"23,277.00"
2018.09.17,베트남 동화 (VND) (100),4.81,-0.01,"23,248.50"
2018.09.18,베트남 동화 (VND) (100),4.84,0.03,"23,291.50"
2018.09.19,베트남 동화 (VND) (100),4.84,0,"23,281.50"
2018.09.20,베트남 동화 (VND) (100),4.82,-0.02,"23,307.50"
2018.09.21,베트남 동화 (VND) (100),4.8,-0.02,"23,322.50"
2018.09.27,베트남 동화 (VND) (100),4.78,-0.02,"23,348.50"
2018.09.28,베트남 동화 (VND) (100),4.77,-0.01,"23,347.50"
2018.10.01,베트남 동화 (VND) (100),4.76,-0.01,"23,327.50"
2018.10.02,베트남 동화 (VND) (100),4.76,0,"23,331.00"
2018.10.04,베트남 동화 (VND) (100),4.78,0.02,"23,342.50"
2018.10.05,베트남 동화 (VND) (100),4.83,0.05,"23,350.50"
2018.10.08,베트남 동화 (VND) (100),4.85,0.02,"23,331.50"
2018.10.10,베트남 동화 (VND) (100),4.85,0,"23,356.50"
2018.10.11,베트남 동화 (VND) (100),4.85,0,"23,351.00"
2018.10.12,베트남 동화 (VND) (100),4.89,0.04,"23,346.00"
2018.10.15,베트남 동화 (VND) (100),4.85,-0.04,"23,345.50"
2018.10.16,베트남 동화 (VND) (100),4.86,0.01,"23,332.50"
2018.10.17,베트남 동화 (VND) (100),4.83,-0.03,"23,339.00"
2018.10.18,베트남 동화 (VND) (100),4.82,-0.01,"23,343.50"
2018.10.19,베트남 동화 (VND) (100),4.85,0.03,"23,347.50"
2018.10.22,베트남 동화 (VND) (100),4.86,0.01,"23,351.50"
2018.10.23,베트남 동화 (VND) (100),4.84,-0.02,"23,348.50"
2018.10.24,베트남 동화 (VND) (100),4.86,0.02,"23,348.50"
2018.10.25,베트남 동화 (VND) (100),4.85,-0.01,"23,349.00"
2018.10.26,베트남 동화 (VND) (100),4.88,0.03,"23,350.50"
2018.10.29,베트남 동화 (VND) (100),4.88,0,"23,356.00"
2018.10.30,베트남 동화 (VND) (100),4.88,0,"23,345.50"
2018.10.31,베트남 동화 (VND) (100),4.89,0.01,"23,344.00"
2018.11.01,베트남 동화 (VND) (100),4.88,-0.01,"23,345.50"
2018.11.02,베트남 동화 (VND) (100),4.88,0,"23,346.00"
2018.11.05,베트남 동화 (VND) (100),4.82,-0.06,"23,331.50"
2018.11.06,베트남 동화 (VND) (100),4.82,0,"23,312.50"
2018.11.07,베트남 동화 (VND) (100),4.81,-0.01,"23,326.00"
2018.11.08,베트남 동화 (VND) (100),4.81,0,"23,326.50"
2018.11.09,베트남 동화 (VND) (100),4.8,-0.01,"23,319.00"
2018.11.12,베트남 동화 (VND) (100),4.83,0.03,"23,295.00"
2018.11.13,베트남 동화 (VND) (100),4.86,0.03,"23,302.50"
2018.11.14,베트남 동화 (VND) (100),4.87,0.01,"23,309.00"
2018.11.15,베트남 동화 (VND) (100),4.86,-0.01,"23,317.50"
2018.11.16,베트남 동화 (VND) (100),4.85,-0.01,"23,309.00"
2018.11.19,베트남 동화 (VND) (100),4.84,-0.01,"23,307.00"
2018.11.20,베트남 동화 (VND) (100),4.84,0,"23,311.50"
2018.11.21,베트남 동화 (VND) (100),4.83,-0.01,"23,337.00"
2018.11.22,베트남 동화 (VND) (100),4.84,0.01,"23,353.00"
2018.11.23,베트남 동화 (VND) (100),4.84,0,"23,347.50"
2018.11.26,베트남 동화 (VND) (100),4.84,0,"23,362.50"
2018.11.27,베트남 동화 (VND) (100),4.84,0,"23,341.00"
2018.11.28,베트남 동화 (VND) (100),4.84,0,"23,347.50"
2018.11.29,베트남 동화 (VND) (100),4.84,0,"23,336.00"
2018.11.30,베트남 동화 (VND) (100),4.81,-0.03,"23,328.00"
2018.12.03,베트남 동화 (VND) (100),4.8,-0.01,"23,317.50"
2018.12.04,베트남 동화 (VND) (100),4.78,-0.02,"23,301.00"
2018.12.05,베트남 동화 (VND) (100),4.77,-0.01,"23,284.00"
2018.12.06,베트남 동화 (VND) (100),4.78,0.01,"23,307.50"
2018.12.07,베트남 동화 (VND) (100),4.79,0.01,"23,333.00"
2018.12.10,베트남 동화 (VND) (100),4.8,0.01,"23,312.50"
2018.12.11,베트남 동화 (VND) (100),4.83,0.03,"23,306.00"
2018.12.12,베트남 동화 (VND) (100),4.85,0.02,"23,302.00"
2018.12.13,베트남 동화 (VND) (100),4.84,-0.01,"23,302.50"
2018.12.14,베트남 동화 (VND) (100),4.83,-0.01,"23,287.50"
2018.12.17,베트남 동화 (VND) (100),4.85,0.02,"23,288.00"
2018.12.18,베트남 동화 (VND) (100),4.85,0,"23,319.00"
2018.12.19,베트남 동화 (VND) (100),4.85,0,"23,319.00"
2018.12.20,베트남 동화 (VND) (100),4.83,-0.02,"23,308.00"
2018.12.21,베트남 동화 (VND) (100),4.84,0.01,"23,302.50"
2018.12.24,베트남 동화 (VND) (100),4.83,-0.01,"23,283.50"
2018.12.26,베트남 동화 (VND) (100),4.83,0,"23,278.50"
2018.12.27,베트남 동화 (VND) (100),4.84,0.01,"23,262.50"
2018.12.28,베트남 동화 (VND) (100),4.83,-0.01,"23,232.50"
2018.12.31,베트남 동화 (VND) (100),4.82,-0.01,"23,195.00"
2019.01.02,베트남 동화 (VND) (100),4.82,0,"23,195.00"
2019.01.03,베트남 동화 (VND) (100),4.82,0,"23,207.50"
2019.01.04,베트남 동화 (VND) (100),4.86,0.04,"23,202.50"
2019.01.07,베트남 동화 (VND) (100),4.85,-0.01,"23,199.00"
2019.01.08,베트남 동화 (VND) (100),4.82,-0.03,"23,199.00"
2019.01.09,베트남 동화 (VND) (100),4.84,0.02,"23,198.50"
2019.01.10,베트남 동화 (VND) (100),4.83,-0.01,"23,198.50"
2019.01.11,베트남 동화 (VND) (100),4.82,-0.01,"23,197.00"
2019.01.14,베트남 동화 (VND) (100),4.82,0,"23,199.00"
2019.01.15,베트남 동화 (VND) (100),4.83,0.01,"23,199.50"
2019.01.16,베트남 동화 (VND) (100),4.83,0,"23,204.00"
2019.01.17,베트남 동화 (VND) (100),4.84,0.01,"23,199.00"
2019.01.18,베트남 동화 (VND) (100),4.83,-0.01,"23,198.50"
2019.01.21,베트남 동화 (VND) (100),4.83,0,"23,199.50"
2019.01.22,베트남 동화 (VND) (100),4.86,0.03,"23,198.50"
2019.01.23,베트남 동화 (VND) (100),4.87,0.01,"23,198.50"
2019.01.24,베트남 동화 (VND) (100),4.86,-0.01,"23,198.00"
2019.01.25,베트남 동화 (VND) (100),4.86,0,"23,197.00"
2019.01.28,베트남 동화 (VND) (100),4.85,-0.01,"23,194.50"
2019.01.29,베트남 동화 (VND) (100),4.82,-0.03,"23,195.00"
2019.01.30,베트남 동화 (VND) (100),4.82,0,"23,197.00"
2019.01.31,베트남 동화 (VND) (100),4.81,-0.01,"23,204.00"
2019.02.01,베트남 동화 (VND) (100),4.79,-0.02,"23,199.00"
2019.02.07,베트남 동화 (VND) (100),4.81,0.02,"23,207.50"
2019.02.08,베트남 동화 (VND) (100),4.84,0.03,"23,207.50"
2019.02.11,베트남 동화 (VND) (100),4.85,0.01,"23,207.50"
2019.02.12,베트남 동화 (VND) (100),4.84,-0.01,"23,212.50"
2019.02.13,베트남 동화 (VND) (100),4.85,0.01,"23,209.00"
2019.02.14,베트남 동화 (VND) (100),4.84,-0.01,"23,197.50"
2019.02.15,베트남 동화 (VND) (100),4.85,0.01,"23,202.00"
2019.02.18,베트남 동화 (VND) (100),4.86,0.01,"23,201.50"
2019.02.19,베트남 동화 (VND) (100),4.85,-0.01,"23,200.00"
2019.02.20,베트남 동화 (VND) (100),4.86,0.01,"23,199.50"
2019.02.21,베트남 동화 (VND) (100),4.84,-0.02,"23,199.00"
2019.02.22,베트남 동화 (VND) (100),4.84,0,"23,211.50"
2019.02.25,베트남 동화 (VND) (100),4.85,0.01,"23,210.00"
2019.02.26,베트남 동화 (VND) (100),4.83,-0.02,"23,217.00"
2019.02.27,베트남 동화 (VND) (100),4.82,-0.01,"23,201.00"
2019.02.28,베트남 동화 (VND) (100),4.82,0,"23,199.50"
2019.03.04,베트남 동화 (VND) (100),4.83,0.01,"23,203.00"
2019.03.05,베트남 동화 (VND) (100),4.85,0.02,"23,200.50"
2019.03.06,베트남 동화 (VND) (100),4.85,0,"23,199.00"
2019.03.07,베트남 동화 (VND) (100),4.86,0.01,"23,200.50"
2019.03.08,베트남 동화 (VND) (100),4.86,0,"23,198.00"
2019.03.11,베트남 동화 (VND) (100),4.89,0.03,"23,199.50"
2019.03.12,베트남 동화 (VND) (100),4.89,0,"23,198.50"
2019.03.13,베트남 동화 (VND) (100),4.87,-0.02,"23,198.50"
2019.03.14,베트남 동화 (VND) (100),4.88,0.01,"23,199.50"
2019.03.15,베트남 동화 (VND) (100),4.88,0,"23,199.00"
2019.03.18,베트남 동화 (VND) (100),4.9,0.02,"23,199.00"
2019.03.19,베트남 동화 (VND) (100),4.89,-0.01,"23,204.00"
2019.03.20,베트남 동화 (VND) (100),4.87,-0.02,"23,209.00"
2019.03.21,베트남 동화 (VND) (100),4.87,0,"23,210.00"
2019.03.22,베트남 동화 (VND) (100),4.85,-0.02,"23,200.50"
2019.03.25,베트남 동화 (VND) (100),4.87,0.02,"23,201.50"
2019.03.26,베트남 동화 (VND) (100),4.89,0.02,"23,199.50"
2019.03.27,베트남 동화 (VND) (100),4.88,-0.01,"23,198.50"
2019.03.28,베트남 동화 (VND) (100),4.89,0.01,"23,198.50"
2019.03.29,베트남 동화 (VND) (100),4.9,0.01,"23,201.00"
2019.04.01,베트남 동화 (VND) (100),4.9,0,"23,204.00"
2019.04.02,베트남 동화 (VND) (100),4.88,-0.02,"23,201.50"
2019.04.03,베트남 동화 (VND) (100),4.9,0.02,"23,198.50"
2019.04.04,베트남 동화 (VND) (100),4.89,-0.01,"23,200.00"
2019.04.05,베트남 동화 (VND) (100),4.89,0,"23,199.00"
2019.04.08,베트남 동화 (VND) (100),4.9,0.01,"23,200.00"
2019.04.09,베트남 동화 (VND) (100),4.92,0.02,"23,199.50"
2019.04.10,베트남 동화 (VND) (100),4.93,0.01,"23,198.50"
2019.04.11,베트남 동화 (VND) (100),4.92,-0.01,"23,200.50"
2019.04.12,베트남 동화 (VND) (100),4.91,-0.01,"23,196.50"
2019.04.15,베트남 동화 (VND) (100),4.92,0.01,"23,199.50"
2019.04.16,베트남 동화 (VND) (100),4.89,-0.03,"23,199.50"
2019.04.17,베트남 동화 (VND) (100),4.9,0.01,"23,199.50"
2019.04.18,베트남 동화 (VND) (100),4.9,0,"23,198.50"
2019.04.19,베트남 동화 (VND) (100),4.9,0,"23,203.50"
2019.04.22,베트남 동화 (VND) (100),4.9,0,"23,212.50"
2019.04.23,베트남 동화 (VND) (100),4.91,0.01,"23,219.00"
2019.04.24,베트남 동화 (VND) (100),4.91,0,"23,217.50"
2019.04.25,베트남 동화 (VND) (100),4.94,0.03,"23,216.50"
2019.04.26,베트남 동화 (VND) (100),4.99,0.05,"23,220.00"
2019.04.29,베트남 동화 (VND) (100),4.98,-0.01,"23,290.00"
2019.04.30,베트남 동화 (VND) (100),4.97,-0.01,"23,290.00"
2019.05.02,베트남 동화 (VND) (100),5,0.03,"23,290.00"
2019.05.03,베트남 동화 (VND) (100),5,0,"23,270.00"
2019.05.07,베트남 동화 (VND) (100),5.02,0.02,"23,281.50"
2019.05.08,베트남 동화 (VND) (100),5.02,0,"23,295.00"
2019.05.09,베트남 동화 (VND) (100),5.01,-0.01,"23,367.50"
2019.05.10,베트남 동화 (VND) (100),5.02,0.01,"23,400.00"
2019.05.13,베트남 동화 (VND) (100),5.05,0.03,"23,347.50"
2019.05.14,베트남 동화 (VND) (100),5.07,0.02,"23,329.00"
2019.05.15,베트남 동화 (VND) (100),5.08,0.01,"23,380.00"
2019.05.16,베트남 동화 (VND) (100),5.1,0.02,"23,325.00"
2019.05.17,베트남 동화 (VND) (100),5.1,0,"23,310.00"
2019.05.20,베트남 동화 (VND) (100),5.1,0,"23,392.00"
2019.05.21,베트남 동화 (VND) (100),5.1,0,"23,407.50"
2019.05.22,베트남 동화 (VND) (100),5.1,0,"23,391.50"
2019.05.23,베트남 동화 (VND) (100),5.11,0.01,"23,375.00"
2019.05.24,베트남 동화 (VND) (100),5.09,-0.02,"23,389.00"
2019.05.27,베트남 동화 (VND) (100),5.09,0,"23,390.00"
2019.05.28,베트남 동화 (VND) (100),5.06,-0.03,"23,388.00"
2019.05.29,베트남 동화 (VND) (100),5.08,0.02,"23,394.00"
2019.05.30,베트남 동화 (VND) (100),5.1,0.02,"23,407.00"
2019.05.31,베트남 동화 (VND) (100),5.08,-0.02,"23,420.00"
2019.06.03,베트남 동화 (VND) (100),5.09,0.01,"23,412.50"
2019.06.04,베트남 동화 (VND) (100),5.06,-0.03,"23,394.50"
2019.06.05,베트남 동화 (VND) (100),5.05,-0.01,"23,400.00"
2019.06.07,베트남 동화 (VND) (100),5.04,-0.01,"23,403.00"
2019.06.10,베트남 동화 (VND) (100),5.04,0,"23,396.00"
2019.06.11,베트남 동화 (VND) (100),5.07,0.03,"23,365.00"
2019.06.12,베트남 동화 (VND) (100),5.06,-0.01,"23,340.00"
2019.06.13,베트남 동화 (VND) (100),5.07,0.01,"23,320.00"
2019.06.14,베트남 동화 (VND) (100),5.08,0.01,"23,320.00"
2019.06.17,베트남 동화 (VND) (100),5.07,-0.01,"23,335.00"
2019.06.18,베트남 동화 (VND) (100),5.08,0.01,"23,350.00"
2019.06.19,베트남 동화 (VND) (100),5.08,0,"23,330.00"
2019.06.20,베트남 동화 (VND) (100),5.05,-0.03,"23,316.50"
2019.06.21,베트남 동화 (VND) (100),5.01,-0.04,"23,300.00"
2019.06.24,베트남 동화 (VND) (100),4.99,-0.02,"23,290.00"
2019.06.25,베트남 동화 (VND) (100),4.97,-0.02,"23,291.00"
2019.06.26,베트남 동화 (VND) (100),4.96,-0.01,"23,297.00"
2019.06.27,베트남 동화 (VND) (100),4.97,0.01,"23,305.00"
2019.06.28,베트남 동화 (VND) (100),4.96,-0.01,"23,315.00"
2019.07.01,베트남 동화 (VND) (100),4.96,0,"23,305.00"
2019.07.02,베트남 동화 (VND) (100),4.97,0.01,"23,260.00"
2019.07.03,베트남 동화 (VND) (100),5.01,0.04,"23,240.00"
2019.07.04,베트남 동화 (VND) (100),5.03,0.02,"23,250.00"
2019.07.05,베트남 동화 (VND) (100),5.03,0,"23,250.00"
2019.07.08,베트남 동화 (VND) (100),5.04,0.01,"23,237.50"
2019.07.09,베트남 동화 (VND) (100),5.07,0.03,"23,246.50"
2019.07.10,베트남 동화 (VND) (100),5.08,0.01,"23,230.00"
2019.07.11,베트남 동화 (VND) (100),5.09,0.01,"23,220.00"
2019.07.12,베트남 동화 (VND) (100),5.06,-0.03,"23,202.50"
2019.07.15,베트남 동화 (VND) (100),5.07,0.01,"23,205.00"
2019.07.16,베트남 동화 (VND) (100),5.08,0.01,"23,201.50"
2019.07.17,베트남 동화 (VND) (100),5.08,0,"23,201.00"
2019.07.18,베트남 동화 (VND) (100),5.09,0.01,"23,202.50"
2019.07.19,베트남 동화 (VND) (100),5.08,-0.01,"23,216.00"
2019.07.22,베트남 동화 (VND) (100),5.05,-0.03,"23,247.00"
2019.07.23,베트남 동화 (VND) (100),5.07,0.02,"23,241.00"
2019.07.24,베트남 동화 (VND) (100),5.08,0.01,"23,217.00"
2019.07.25,베트남 동화 (VND) (100),5.08,0,"23,210.00"
2019.07.26,베트남 동화 (VND) (100),5.08,0,"23,208.00"
2019.07.29,베트남 동화 (VND) (100),5.1,0.02,"23,211.50"
2019.07.30,베트남 동화 (VND) (100),5.1,0,"23,210.00"
2019.07.31,베트남 동화 (VND) (100),5.09,-0.01,"23,205.00"
2019.08.01,베트남 동화 (VND) (100),5.09,0,"23,232.50"
2019.08.02,베트남 동화 (VND) (100),5.12,0.03,"23,205.00"
2019.08.05,베트남 동화 (VND) (100),5.15,0.03,"23,220.00"
2019.08.06,베트남 동화 (VND) (100),5.21,0.06,"23,269.00"
2019.08.07,베트남 동화 (VND) (100),5.22,0.01,"23,255.00"
2019.08.08,베트남 동화 (VND) (100),5.23,0.01,"23,216.00"
2019.08.09,베트남 동화 (VND) (100),5.22,-0.01,"23,225.00"
2019.08.12,베트남 동화 (VND) (100),5.21,-0.01,"23,205.00"
2019.08.13,베트남 동화 (VND) (100),5.24,0.03,"23,198.50"
2019.08.14,베트남 동화 (VND) (100),5.25,0.01,"23,206.50"
2019.08.16,베트남 동화 (VND) (100),5.22,-0.03,"23,209.00"
2019.08.19,베트남 동화 (VND) (100),5.23,0.01,"23,212.00"
2019.08.20,베트남 동화 (VND) (100),5.22,-0.01,"23,206.00"
2019.08.21,베트남 동화 (VND) (100),5.22,0,"23,204.00"
2019.08.22,베트남 동화 (VND) (100),5.19,-0.03,"23,201.50"
2019.08.23,베트남 동화 (VND) (100),5.19,0,"23,205.00"
2019.08.26,베트남 동화 (VND) (100),5.23,0.04,"23,199.00"
2019.08.27,베트남 동화 (VND) (100),5.25,0.02,"23,199.00"
2019.08.28,베트남 동화 (VND) (100),5.23,-0.02,"23,197.50"
2019.08.29,베트남 동화 (VND) (100),5.23,0,"23,207.50"
2019.08.30,베트남 동화 (VND) (100),5.24,0.01,"23,200.00"
2019.09.02,베트남 동화 (VND) (100),5.22,-0.02,"23,186.00"
2019.09.03,베트남 동화 (VND) (100),5.23,0.01,"23,186.00"
2019.09.04,베트남 동화 (VND) (100),5.24,0.01,"23,199.00"
2019.09.05,베트남 동화 (VND) (100),5.21,-0.03,"23,199.50"
2019.09.06,베트남 동화 (VND) (100),5.17,-0.04,"23,198.50"
2019.09.09,베트남 동화 (VND) (100),5.16,-0.01,"23,199.00"
2019.09.10,베트남 동화 (VND) (100),5.14,-0.02,"23,201.00"
2019.09.11,베트남 동화 (VND) (100),5.14,0,"23,199.50"
2019.09.16,베트남 동화 (VND) (100),5.13,-0.01,"23,207.50"
2019.09.17,베트남 동화 (VND) (100),5.1,-0.03,"23,219.00"
2019.09.18,베트남 동화 (VND) (100),5.12,0.02,"23,226.50"
2019.09.19,베트남 동화 (VND) (100),5.13,0.01,"23,211.50"
2019.09.20,베트남 동화 (VND) (100),5.15,0.02,"23,212.00"
2019.09.23,베트남 동화 (VND) (100),5.13,-0.02,"23,205.00"
2019.09.24,베트남 동화 (VND) (100),5.14,0.01,"23,203.00"
2019.09.25,베트남 동화 (VND) (100),5.15,0.01,"23,205.00"
2019.09.26,베트남 동화 (VND) (100),5.16,0.01,"23,205.00"
2019.09.27,베트남 동화 (VND) (100),5.17,0.01,"23,201.00"
2019.09.30,베트남 동화 (VND) (100),5.18,0.01,"23,205.00"
2019.10.01,베트남 동화 (VND) (100),5.17,-0.01,"23,201.00"
2019.10.02,베트남 동화 (VND) (100),5.16,-0.01,"23,201.50"
2019.10.04,베트남 동화 (VND) (100),5.19,0.03,"23,201.50"
2019.10.07,베트남 동화 (VND) (100),5.16,-0.03,"23,201.00"
2019.10.08,베트남 동화 (VND) (100),5.16,0,"23,201.00"
2019.10.10,베트남 동화 (VND) (100),5.14,-0.02,"23,226.00"
2019.10.11,베트남 동화 (VND) (100),5.16,0.02,"23,201.00"
2019.10.14,베트남 동화 (VND) (100),5.13,-0.03,"23,205.00"
2019.10.15,베트남 동화 (VND) (100),5.1,-0.03,"23,205.00"
2019.10.16,베트남 동화 (VND) (100),5.1,0,"23,201.50"
2019.10.17,베트남 동화 (VND) (100),5.12,0.02,"23,203.00"
2019.10.18,베트남 동화 (VND) (100),5.11,-0.01,"23,207.00"
2019.10.21,베트남 동화 (VND) (100),5.09,-0.02,"23,204.00"
2019.10.22,베트남 동화 (VND) (100),5.06,-0.03,"23,207.50"
2019.10.23,베트남 동화 (VND) (100),5.05,-0.01,"23,202.50"
2019.10.24,베트남 동화 (VND) (100),5.06,0.01,"23,206.50"
2019.10.25,베트남 동화 (VND) (100),5.05,-0.01,"23,204.00"
2019.10.28,베트남 동화 (VND) (100),5.06,0.01,"23,200.50"
2019.10.29,베트남 동화 (VND) (100),5.04,-0.02,"23,202.00"
2019.10.30,베트남 동화 (VND) (100),5.03,-0.01,"23,203.00"
2019.10.31,베트남 동화 (VND) (100),5.04,0.01,"23,201.00"
2019.11.01,베트남 동화 (VND) (100),5.01,-0.03,"23,203.00"
2019.11.04,베트남 동화 (VND) (100),5.03,0.02,"23,202.00"
2019.11.05,베트남 동화 (VND) (100),5,-0.03,"23,200.00"
2019.11.06,베트남 동화 (VND) (100),5,0,"23,199.50"
2019.11.07,베트남 동화 (VND) (100),4.99,-0.01,"23,199.50"
2019.11.08,베트남 동화 (VND) (100),5,0.01,"23,199.50"
2019.11.11,베트남 동화 (VND) (100),4.98,-0.02,"23,199.00"
2019.11.12,베트남 동화 (VND) (100),5.01,0.03,"23,202.00"
2019.11.13,베트남 동화 (VND) (100),5.02,0.01,"23,199.50"
2019.11.14,베트남 동화 (VND) (100),5.03,0.01,"23,201.50"
2019.11.15,베트남 동화 (VND) (100),5.04,0.01,"23,201.00"
2019.11.18,베트남 동화 (VND) (100),5.03,-0.01,"23,205.00"
2019.11.19,베트남 동화 (VND) (100),5.02,-0.01,"23,206.00"
2019.11.20,베트남 동화 (VND) (100),5.04,0.02,"23,201.50"
2019.11.21,베트남 동화 (VND) (100),5.04,0,"23,199.50"
2019.11.22,베트남 동화 (VND) (100),5.07,0.03,"23,195.00"
2019.11.25,베트남 동화 (VND) (100),5.08,0.01,"23,196.00"
2019.11.26,베트남 동화 (VND) (100),5.07,-0.01,"23,199.50"
2019.11.27,베트남 동화 (VND) (100),5.06,-0.01,"23,190.50"
2019.11.28,베트남 동화 (VND) (100),5.07,0.01,"23,202.50"
2019.11.29,베트남 동화 (VND) (100),5.08,0.01,"23,201.50"
2019.12.02,베트남 동화 (VND) (100),5.09,0.01,"23,180.00"
2019.12.03,베트남 동화 (VND) (100),5.09,0,"23,176.50"
2019.12.04,베트남 동화 (VND) (100),5.12,0.03,"23,171.00"
2019.12.05,베트남 동화 (VND) (100),5.15,0.03,"23,172.50"
2019.12.06,베트남 동화 (VND) (100),5.14,-0.01,"23,168.00"
2019.12.09,베트남 동화 (VND) (100),5.13,-0.01,"23,177.50"
2019.12.10,베트남 동화 (VND) (100),5.13,0,"23,171.50"
2019.12.11,베트남 동화 (VND) (100),5.14,0.01,"23,171.00"
2019.12.12,베트남 동화 (VND) (100),5.15,0.01,"23,176.50"
2019.12.13,베트남 동화 (VND) (100),5.13,-0.02,"23,170.00"
2019.12.16,베트남 동화 (VND) (100),5.06,-0.07,"23,174.00"
2019.12.17,베트남 동화 (VND) (100),5.06,0,"23,177.50"
2019.12.18,베트남 동화 (VND) (100),5.03,-0.03,"23,177.00"
2019.12.19,베트남 동화 (VND) (100),5.03,0,"23,174.00"
2019.12.20,베트남 동화 (VND) (100),5.03,0,"23,170.00"
2019.12.23,베트남 동화 (VND) (100),5.02,-0.01,"23,176.00"
2019.12.24,베트남 동화 (VND) (100),5.01,-0.01,"23,174.50"
2019.12.26,베트남 동화 (VND) (100),5.02,0.01,"23,174.00"
2019.12.27,베트남 동화 (VND) (100),5.01,-0.01,"23,172.00"
2019.12.30,베트남 동화 (VND) (100),5.01,0,"23,172.00"
